unit_id,PT_ratio,spread,presence_ratio,recovery_slope,silhouette_score,waveform_halfwidth,cluster_id,firing_rate,amplitude_cutoff,waveform_duration,quality,velocity_above,peak_channel_id,repolarization_slope,d_prime,snr,nn_miss_rate,isolation_distance,l_ratio,max_drift,cumulative_drift,local_index,velocity_below,amplitude,nn_hit_rate,isi_violations,area,passes_quality,selection_rule
951100179,4.7659167980635,30,0.99,-0.00782483532147609,0.0972635836693614,0.123618090452261,354,10.8154481874524,0.048729339388604,0.467001675041876,good,1.03015075376884,849872840,0.171903215489923,2.52964922764134,2.60035561347148,0.0452975047984645,64.1239016389328,0.0505888263848802,16.13,554.63,351,,52.4532449999999,0.748,0.0620454078196256,VISal,True,first 40 quality-passing units by ascending unit_id within area
951100197,5.1343719404885,40,0.99,-0.0321885695998976,0.0456636776553828,0.0961474036850921,356,14.0621819787615,0.0200075523728675,0.15108877721943,good,2.06030150753769,849872840,0.172208130064722,3.15124429762022,2.49450565675359,0.0385704175513093,97.1919491971037,0.0550893114378505,26.39,500.32,353,,51.220845,0.810666666666667,0.0168063736569739,VISal,True,first 40 quality-passing units by ascending unit_id within area
951100209,0.315556168987048,40,0.99,-0.00738425736912054,0.130491092776799,0.15108877721943,357,7.26553372414664,0.00724564616987632,0.590619765494137,good,0.549413735343383,849872846,0.196360329479263,3.12265407143458,2.64969867157403,0.0150667240637107,64.7133745706576,0.0174082377415437,24.0,109.35,354,,53.0961599999999,0.88,0.0188133882453267,VISal,True,first 40 quality-passing units by ascending unit_id within area
951100219,0.62316015395345,50,0.98,-0.0318236757963328,0.0772802640591574,0.164824120603015,358,0.25222593720738,0.0125386675078666,0.714237855946399,good,0.0,849872848,0.196882411307996,4.36668009252258,3.66166249455137,0.00120409391932571,37.2932881562231,0.00837201897388755,20.78,159.79,355,-0.686767169179227,84.5159249999999,0.588235294117647,0.0,VISal,True,first 40 quality-passing units by ascending unit_id within area
951100229,0.328114497753088,50,0.97,-0.014438397047342,0.00158395823185041,0.192294807370184,359,0.687787010186911,0.000489746642012915,0.769179229480737,good,0.549413735343383,849872848,0.377314589443184,4.06911973890196,4.01246251509329,0.000168231216984624,62.419328257593,0.00068055969107147,24.1,65.18,356,-0.686767169179227,117.141375,0.971326164874552,0.0807459553547486,VISal,True,first 40 quality-passing units by ascending unit_id within area
951100251,0.326065288703082,60,0.99,-0.0204147635830552,0.27169294791962,0.206030150753769,361,1.42041418698847,0.000341174963215681,0.769179229480737,good,-0.137353433835845,849872850,0.304378549704775,5.92769956052665,4.41025553678926,0.000203811270763273,64.4708752406684,0.000955229499520754,28.97,82.48,358,-0.68676716917923,93.602145,0.989304812834225,0.0,VISal,True,first 40 quality-passing units by ascending unit_id within area
951100262,0.61502344113069,70,0.99,-0.0409766936068108,0.219110854209549,0.206030150753769,362,2.82146557475698,0.000608146331755872,0.673031825795645,good,1.16750418760469,849872852,0.1841276889998,6.48914460099566,3.76816482395333,0.000346248398601156,79.7248477648057,0.000172596757299935,23.17,108.99,359,0.0,71.7500550000001,0.986595174262735,0.0,VISal,True,first 40 quality-passing units by ascending unit_id within area
951100312,0.349478337559887,70,0.98,-0.0176588914669196,0.153367586014773,0.247236180904523,366,1.03937468023356,0.026958558995435,0.65929648241206,good,0.274706867671692,849872856,0.134657455646685,3.46072005196525,2.59050247693597,0.00189201973106291,40.6846378657213,0.0260550457628877,32.54,211.7,363,-0.412060301507538,51.8532299999999,0.835820895522388,0.141430944392851,VISal,True,first 40 quality-passing units by ascending unit_id within area
951100335,0.320190334657726,90,0.99,-0.0197481171740597,0.0633659314548295,0.260971524288107,368,2.33260584918776,0.0128607624870852,0.727973199329983,good,3.02177554438861,849872860,0.0960920953419146,4.16814283851904,2.01671712569798,0.00226874291017841,53.6769939266537,0.00793590291678384,22.64,248.69,365,0.549413735343384,38.2591950000001,0.888888888888889,0.0982820102618911,VISal,True,first 40 quality-passing units by ascending unit_id within area
951100391,0.504569290310462,70,0.99,-0.018381919202893,0.107087428300561,0.233500837520938,373,3.66914854271293,0.0487872640677218,0.673031825795645,good,1.03015075376885,849872872,0.100939495095148,2.98510995818679,2.01055710922292,0.00823125283556938,66.9341325812843,0.00588103028405921,13.0,267.21,370,0.206030150753768,40.1436750000002,0.964666666666667,0.187258725439887,VISal,True,first 40 quality-passing units by ascending unit_id within area
951100436,0.343417284222135,80,0.99,-0.0166488954859593,0.129270794283248,0.192294807370184,377,1.75528870402421,0.0178358094590373,0.769179229480737,good,1.5108877721943,849872876,0.165967266662089,4.27985135878232,2.73304478316148,0.00229477417335976,53.1103469894805,0.0116069752799295,16.49,267.61,374,-0.0686767169179225,55.8337649999999,0.903954802259887,0.334730560023074,VISal,True,first 40 quality-passing units by ascending unit_id within area
951100460,0.566746292687333,60,0.99,-0.0199897192707939,0.135935384528792,0.288442211055276,379,2.93682709432011,0.0394159572004089,0.618090452261307,good,0.0,849872880,0.115499603553155,4.10349405319666,2.27271963896745,0.00397195454702449,53.7457416301526,0.00869734317918525,17.42,302.04,376,0.137353433835846,46.4753250000001,0.891117478510029,0.217004150085139,VISal,True,first 40 quality-passing units by ascending unit_id within area
951100503,0.260147384986321,70,0.99,-0.0114729767826007,0.127052337197423,0.164824120603015,382,2.57025873224538,0.0457876169159551,0.673031825795645,good,1.785594639866,849872890,0.166821901893491,4.63791122226844,2.24148594658894,0.000612682528336567,44.9446881715782,0.0171607493313649,13.38,272.17,379,-0.294328786791098,50.7723449999999,0.872785829307568,0.132985063602067,VISal,True,first 40 quality-passing units by ascending unit_id within area
951100527,0.437596818267102,40,0.99,-0.0469315029511179,0.126634321175605,0.164824120603015,384,3.82089174291567,0.000694348707097734,0.618090452261307,good,0.68676716917923,849872888,0.270380584832269,6.86326956220754,3.89867708824787,0.000823384108686702,72.9672852794073,0.00106388896243047,16.38,168.66,381,-1.37353433835846,87.3479100000001,0.980046948356808,0.180529567046762,VISal,True,first 40 quality-passing units by ascending unit_id within area
951100604,0.43062715939336,80,0.99,-0.0116825375240571,0.0290475379230955,0.247236180904523,390,26.7895537249807,0.06775347165911,0.727973199329983,good,1.31466858100024,849872894,0.115091140032995,2.95937111796022,2.21054059623246,0.0585286230616766,81.331173714048,0.0362021657092499,26.83,221.45,387,1.03015075376884,50.0789249999999,0.748666666666667,0.35872170453289,VISal,True,first 40 quality-passing units by ascending unit_id within area
951100613,0.5941812820563,50,0.99,-0.0664561128930183,0.107167329663852,0.15108877721943,391,21.8675301632667,0.0624015589507661,0.247236180904523,good,1.37353433835846,849872896,0.302002965590908,5.71692631186993,2.6696423106218,0.00181731229076997,102.520887071124,0.000331025355071762,9.78,104.54,388,-0.343383584589614,65.816985,0.995333333333333,0.00678966228425813,VISal,True,first 40 quality-passing units by ascending unit_id within area
951100621,0.547120051617247,80,0.99,-0.051748557469299,0.165534301988917,0.247236180904523,392,6.20088549545755,0.000641987823581486,0.563149078726968,good,0.549413735343384,849872896,0.27808333721908,5.61316689426906,4.48636293721055,0.00141696906860204,71.3454813762055,0.00137152220635233,13.02,128.49,389,0.274706867671691,110.05059,0.967136150234742,0.0248348362603976,VISal,True,first 40 quality-passing units by ascending unit_id within area
951100631,0.371337687445693,70,0.99,-0.0291276629326353,0.12098687362811,0.206030150753769,393,1.75946699227693,0.026465452586604,0.741708542713568,good,0.68676716917923,849872896,0.239975723993298,4.28230393959202,3.03884444903717,0.000606060606060606,46.2922995774219,0.0071994253751556,10.11,171.99,390,0.343383584589614,82.1839200000001,0.9,0.407174346569217,VISal,True,first 40 quality-passing units by ascending unit_id within area
951100643,0.6091360415305,120,0.99,-0.0401481497649951,0.22940010577181,0.260971524288107,394,19.4602246728777,0.000590973175476675,0.631825795644891,good,0.843742522134482,849872900,0.17591327539855,5.61447031648843,3.50010331043493,0.000409601048578684,104.848316350816,0.000183890640188087,16.31,146.53,391,-0.0735821966977745,85.386015,0.994666666666667,0.00554747949237561,VISal,True,first 40 quality-passing units by ascending unit_id within area
951100655,0.615400777183378,80,0.99,-0.0273122668913386,0.0714106195656977,0.219765494137353,395,12.5412850547684,0.0646448577378045,0.618090452261307,good,0.686767169179229,849872902,0.144176361954613,2.94373102931458,2.65126048680013,0.0114532685035116,45.1339496085296,0.0484578608377036,21.32,162.44,392,0.618090452261307,65.7218250000001,0.871333333333333,0.174854628979154,VISal,True,first 40 quality-passing units by ascending unit_id within area
951100691,0.513282838870221,120,0.99,-0.0309919255262339,0.179159869214695,0.247236180904523,398,18.8200293849841,0.00117184777865067,0.645561139028476,good,1.03996171332855,849872904,0.168808885776934,5.59833331103435,3.14762845341948,0.000565656565656566,94.5453259746209,0.00100794725597041,26.22,159.03,395,-0.122636994496291,83.4005250000001,0.991333333333333,0.00463720800752443,VISal,True,first 40 quality-passing units by ascending unit_id within area
951100706,0.557694212655973,90,0.99,-0.0309347866728832,0.0246245805256565,0.247236180904523,399,10.1318394655183,0.0433694138569973,0.604355108877722,good,0.68676716917923,849872904,0.163719833084723,3.0774554133325,2.70080147911713,0.0184845146284735,61.8618048335658,0.0118863456970057,13.44,189.28,396,0.274706867671692,67.085265,0.823333333333333,0.186418857435983,VISal,True,first 40 quality-passing units by ascending unit_id within area
951100741,0.456487914900283,60,0.99,-0.028845268688051,0.224348374496965,0.206030150753769,402,1.39829983208988,1.88603251957652e-05,0.618090452261307,good,0.68676716917923,849872910,0.186059100159663,6.96949486823125,2.94072740896138,0.000809307030854831,72.6519505748962,0.000602217002382521,17.25,252.41,399,0.686767169179229,67.7751750000001,0.976811594202898,0.0586069822597196,VISal,True,first 40 quality-passing units by ascending unit_id within area
951100766,0.414318483110497,80,0.99,-0.0176178839635604,0.127879065924818,0.260971524288107,404,3.1362639262857,0.0216312502309396,0.686767169179229,good,0.68676716917923,849872920,0.109284466728526,3.7929904102159,2.00355724251869,0.00831629175187457,58.8906021329979,0.0138144328628104,17.87,237.15,401,-0.137353433835846,43.694235,0.862,0.47764872391202,VISal,True,first 40 quality-passing units by ascending unit_id within area
951100777,0.470698163780955,120,0.99,-0.0207108390565176,0.205294051560769,0.206030150753769,405,3.08857029452285,0.00208067066649424,0.673031825795645,good,1.09882747068677,849872914,0.195429979811144,6.31314795363788,3.3302289832685,0.000275510555498158,86.2605783002877,0.000137599722719388,10.03,157.11,402,-0.0899337959639467,70.8936150000001,0.992731048805815,0.0240250879409018,VISal,True,first 40 quality-passing units by ascending unit_id within area
951100789,0.456169767297359,80,0.97,-0.042199955112305,0.165637625664848,0.1785594639866,406,0.990560044305346,0.00168390112049774,0.700502512562814,good,1.03015075376884,849872914,0.303086359119363,8.00440202712598,4.50698868882526,0.000101040719409922,96.2668086651722,9.2375210815314e-07,15.01,351.71,403,0.0,103.393095,1.0,0.0389284492667043,VISal,True,first 40 quality-passing units by ascending unit_id within area
951100813,0.40419062276734,70,0.99,-0.0469790190882021,0.199175415592057,0.192294807370184,408,1.57032301673879,0.000611444654453345,0.714237855946399,good,0.824120603015075,849872918,0.345859799274391,6.62166331960908,4.8468478644192,0.000102030405060708,70.3118324534542,0.000353022331507174,11.28,166.58,405,-1.03015075376884,125.453835,0.996649916247906,0.480189232107916,VISal,True,first 40 quality-passing units by ascending unit_id within area
951100838,0.409367476914927,70,0.99,-0.050408244041301,0.232296658991958,0.192294807370184,410,2.04094094725341,0.000599191092025766,0.700502512562814,good,0.824120603015075,849872920,0.314108081044219,5.50438081287059,4.70269146740398,0.00166927490871153,61.7249614240177,0.00585510559778551,8.46,120.81,407,0.392438382388132,111.97641,0.946987951807229,0.073359747008925,VISal,True,first 40 quality-passing units by ascending unit_id within area
951100865,0.514686694289911,130,0.99,-0.0174803442721227,0.102067024736562,0.288442211055276,412,1.95217779925033,0.0842168140968569,0.700502512562814,good,0.431682220626945,849872922,0.136112424752359,2.76621792979465,2.36544173929471,0.00447730112453145,38.425333746422,0.0587536589468971,14.11,276.34,409,0.564130174682938,50.9835300000001,0.708754208754209,0.400912842391542,VISal,True,first 40 quality-passing units by ascending unit_id within area
951100877,0.390398242247601,60,0.99,-0.0317082560222168,0.114186817460552,0.1785594639866,413,0.994024966271023,0.0012831326946505,0.673031825795645,good,1.16750418760469,849872924,0.179780269209557,5.04347483610132,2.84617907164614,0.00129476302429384,47.8545509756045,0.0116129100787603,15.96,202.95,410,0.68676716917923,70.4802150000001,0.930875576036866,0.0,VISal,True,first 40 quality-passing units by ascending unit_id within area
951100902,0.262827169157708,70,0.99,-0.019244033908955,0.168809410738823,0.247236180904523,415,1.74153092563108,0.033464266731438,0.755443886097152,good,0.618090452261306,849872928,0.150688942067523,4.38900288967755,2.46982010995229,0.00440101188619746,56.7623002701681,0.00720942361625796,14.17,216.53,412,-1.03015075376884,56.63268,0.889763779527559,0.478574914746213,VISal,True,first 40 quality-passing units by ascending unit_id within area
951101004,0.267998642573132,120,0.98,-0.0150123800060045,,0.219765494137353,423,0.316530812511564,0.00239139967484694,0.879061976549414,good,1.92294807370184,849872956,0.187221059532952,5.7408441664242,2.68370137043776,0.00147626237208522,55.4830241548485,0.00163076392542007,10.2,148.33,420,-0.125649131203217,64.6249499999999,0.8,0.0,VISal,True,first 40 quality-passing units by ascending unit_id within area
951101055,0.571783235119416,110,0.99,-0.0454906549614309,0.0700848873290934,0.137353433835846,427,7.4267545050202,0.0260731639377225,0.206030150753769,good,0.137353433835846,849872960,0.221526329052861,4.60871672489267,2.31283657500545,0.0146873207114171,70.1171029482104,0.00774144268134472,14.6,295.69,424,-0.318856185690356,50.250135,0.968,0.199444960413406,VISal,True,first 40 quality-passing units by ascending unit_id within area
951101152,0.256735712708697,50,0.99,-0.0183955322224747,0.0884946024427979,0.123618090452261,433,11.4485098124756,0.0317788643112633,0.370854271356784,good,-0.343383584589614,849872970,0.168151286911779,6.43399390402426,2.1382142535569,0.0055497745404093,112.002276883572,0.000546275076167305,15.53,226.76,430,0.0,40.38294,0.999333333333333,0.0180685159739588,VISal,True,first 40 quality-passing units by ascending unit_id within area
951101690,0.418639042105812,50,0.99,-0.00864486335458716,0.0679510158139733,0.233500837520938,478,1.50713914559998,0.0512190670402621,0.906532663316583,good,0.686767169179229,849872848,0.108790039505316,4.64636287898361,2.28209238538018,0.00200762215870423,62.1292227739158,0.00264404318456149,29.33,473.37,475,-1.03015075376884,45.8677049999999,0.887254901960784,0.369951418206872,VISal,True,first 40 quality-passing units by ascending unit_id within area
951101701,0.285516752057038,60,0.99,-0.0120357227440427,0.0391350415919009,0.164824120603015,479,4.66256205216648,0.0077786281714549,0.673031825795645,good,0.0,849872854,0.136427965077977,2.92221071903403,2.44608880793566,0.0177514792899408,49.795959021818,0.0283288117449813,28.32,150.83,476,-0.412060301507537,43.1474549999999,0.713333333333333,0.0843374962565171,VISal,True,first 40 quality-passing units by ascending unit_id within area
951101738,0.380803488976552,70,0.97,-0.0152664102616834,,0.192294807370184,482,0.311129610623891,0.00282120212826269,0.769179229480737,good,0.274706867671691,849872856,0.200874303729699,7.33873462597915,3.17130711782527,0.000401606425702811,64.22421220885,0.000628751744600905,22.59,135.74,479,-0.549413735343383,71.6968200000001,0.85,0.0,VISal,True,first 40 quality-passing units by ascending unit_id within area
951101765,0.413603263711544,100,0.97,-0.0161184453048976,0.130090562802198,0.260971524288107,484,0.445752019937406,0.0101986368901084,0.65929648241206,good,1.71691792294807,849872864,0.0965000781630286,5.40480492113642,1.99119518612308,0.000268438359841621,47.2739595684509,0.00472606027591944,19.1,240.55,481,0.137353433835846,69.2955900000001,0.888888888888889,0.192239255638046,VISal,True,first 40 quality-passing units by ascending unit_id within area
951101775,0.334231950225464,50,0.99,-0.0301019702844287,0.135303920509809,0.164824120603015,485,0.841058852433335,0.00103400773507397,0.686767169179229,good,0.686767169179229,849872872,0.29615042871721,6.50974909330927,4.12639846252401,0.00108865754915969,62.7830803772466,0.00149049142543227,10.16,151.8,482,0.68676716917923,88.327395,0.910891089108911,0.0,VISal,True,first 40 quality-passing units by ascending unit_id within area
951101812,0.699769279286602,130,0.99,-0.0369410489287082,0.0950850425833969,0.15108877721943,488,1.76283000477303,0.0167668832375918,0.343383584589615,good,0.45784477945282,849872902,0.195080040396809,5.88124885641528,2.01745290409776,0.000202122283981809,81.4130396686326,5.82205740414816e-05,17.35,402.89,485,-1.30485762144054,49.7051100000001,0.996825396825397,0.147499006166673,VISal,True,first 40 quality-passing units by ascending unit_id within area
951083462,4.81404171251328,30,0.99,-0.0452200188112003,0.121381046948365,0.109882747068677,271,12.6105887203115,0.0419677425131705,0.1785594639866,good,0.0,849876844,0.246735259449021,4.54025873909716,2.65896911303312,0.00205038078500293,96.8375904703304,0.00124935877494654,12.08,435.29,257,0.68676716917923,57.87522,0.994,0.0050440277455511,VISam,True,first 40 quality-passing units by ascending unit_id within area
951083467,0.188729566749825,30,0.99,-0.041188855386198,0.145278180502212,0.0824120603015075,272,4.3123009923792,0.0194202344652755,0.260971524288107,good,0.0,849876846,0.286869844426768,3.55495543545681,3.38082410329533,0.0052943445180744,55.4969539629078,0.0150761445655992,11.59,264.56,258,-13.7353433835846,74.55825,0.81473968897904,0.076010584062456,VISam,True,first 40 quality-passing units by ascending unit_id within area
951083476,0.22882145538557,70,0.99,-0.00853380341960667,0.145945488536112,0.247236180904523,275,1.01033090011692,0.0195854501616726,0.65929648241206,good,1.57956448911223,849876854,0.154340568741299,4.33272554876218,2.33367758858793,0.00134789055128724,39.9791309543794,0.0122429405259698,22.8,324.14,261,-0.343383584589614,70.2934050000001,0.685185185185185,0.374198140009887,VISam,True,first 40 quality-passing units by ascending unit_id within area
951083488,0.378198187566132,40,0.99,-0.027765653700237,0.178487145529394,0.1785594639866,279,0.991681459455087,2.65936205951179e-05,0.741708542713568,good,1.37353433835846,849876856,0.33130912381025,4.95566699397589,3.63281709929755,0.00111223458038423,58.3648270635753,0.00208445539195626,8.27,94.67,265,-3.43383584589615,103.8297,0.821212121212121,0.271883309982424,VISam,True,first 40 quality-passing units by ascending unit_id within area
951083495,0.413290309592523,40,0.99,-0.0175654321617675,0.132306846734895,0.274706867671692,281,1.30698948900539,0.0455401199154182,0.782914572864322,good,1.37353433835846,849876856,0.229448688847033,3.95822892645611,2.60949465342584,0.00243531202435312,62.6468009470393,0.0019398513688937,13.48,225.83,267,-6.86767169179229,75.9721950000001,0.873563218390805,0.245967309806712,VISam,True,first 40 quality-passing units by ascending unit_id within area
951083498,0.5901129642563,40,0.94,-0.0645257746718414,0.0528922771124085,0.206030150753769,282,0.14389623068036,0.0370121858967939,0.673031825795645,good,1.5108877721943,849876856,0.290976575344635,4.01338472487906,3.21636612235453,0.000133547008547009,39.5103131767599,0.00315481358036297,19.81,62.45,268,,95.567745,0.520833333333333,0.0,VISam,True,first 40 quality-passing units by ascending unit_id within area
951083507,0.951027946298863,30,0.99,-0.0536197265997205,0.112383977692289,0.1785594639866,285,1.64125268775297,0.0152947507940924,0.892797319932998,good,1.37353433835846,849876858,0.313193325291234,4.13734757895166,4.00524081841807,0.000542832909245123,61.7473438700602,0.0022548846129318,43.8,864.61,271,-0.68676716917923,169.653705,0.940952380952381,0.0141818187253601,VISam,True,first 40 quality-passing units by ascending unit_id within area
951083510,0.801968820280942,40,0.99,-0.071208477785658,0.09367071301975,0.1785594639866,286,0.450541951726538,0.00480140387669797,0.631825795644891,good,0.0,849876862,0.275712131814959,5.4331690313071,2.13611354759631,0.000568771119809964,60.2152408618436,0.000334120450659081,25.36,223.75,272,2.06030150753769,98.591025,0.837837837837838,0.188173483098086,VISam,True,first 40 quality-passing units by ascending unit_id within area
951083513,1.90940551092676,40,0.97,-0.161371997032973,0.259901385573566,0.109882747068677,287,0.668832126030596,3.94305229332784e-05,0.137353433835846,good,0.343383584589615,849876860,0.48543979562551,7.05194998050702,4.64405027664203,0.000100745516824501,90.0862775924726,2.81880324115646e-06,16.89,148.41,273,3.43383584589615,149.646705,0.990990990990991,0.0,VISam,True,first 40 quality-passing units by ascending unit_id within area
951083517,0.533163007064689,60,0.99,-0.0312659168174062,0.121484271899383,0.206030150753769,288,3.34191862089309,0.0617514740412266,0.686767169179229,good,0.48073701842546,849876864,0.160720096193315,3.85645831578745,2.64051908091425,0.00638780135998352,53.0296636851845,0.010403184534953,18.52,242.39,274,0.343383584589615,60.1678350000002,0.86734693877551,0.32490826634699,VISam,True,first 40 quality-passing units by ascending unit_id within area
951083526,0.379061781496403,40,0.99,-0.0989923818172455,0.15118401182857,0.123618090452261,291,0.367281880575083,0.000345408841232188,0.68676716917923,good,0.0,849876870,0.595439281682238,7.60427602004139,4.91166730719833,0.000100290843445993,50.326682473413,0.00107354575708761,18.96,63.29,277,0.343383584589614,191.25561,0.885057471264368,0.0,VISam,True,first 40 quality-passing units by ascending unit_id within area
951083529,0.383357297564221,50,0.99,-0.0496993365165822,0.198388981838802,0.1785594639866,292,4.06883916865726,0.00833010695714251,0.631825795644891,good,0.686767169179229,849876870,0.376529972685681,4.40621385310359,3.96449316246031,0.00317066446098704,55.6088249633565,0.00673153147959907,6.11,64.74,278,0.0,115.31208,0.891260162601626,0.311473868788831,VISam,True,first 40 quality-passing units by ascending unit_id within area
951083534,0.350932560977784,60,0.99,-0.0219084870233554,0.0910840145179795,0.206030150753769,294,6.77127560292198,0.0109820316193538,0.618090452261307,good,0.686767169179229,849876872,0.183506834957094,3.25741448077928,2.38217422823935,0.00908934263806324,62.164119560731,0.00994238054680757,18.0,177.0,280,-0.206030150753768,61.516455,0.897333333333333,0.0499849388183033,VISam,True,first 40 quality-passing units by ascending unit_id within area
951083544,0.515589746641699,50,0.99,-0.0664801536369914,0.0944496662598794,0.164824120603015,297,2.27767758902694,1.15786363315926e-05,0.645561139028476,good,0.686767169179229,849876872,0.28139752589944,4.37480585827578,3.91116823185375,0.00156510496410466,61.874121044455,0.00254944729582646,16.93,161.95,283,0.343383584589615,104.122785,0.950738916256158,0.0220884709515278,VISam,True,first 40 quality-passing units by ascending unit_id within area
951083551,0.400170605212845,60,0.97,-0.0391139651294225,0.0913108004664203,0.1785594639866,299,0.482031990876843,0.00207052610163692,0.755443886097153,good,0.68676716917923,849876874,0.318003064377436,6.68449450498477,3.21264087485101,0.0,49.8207688844268,0.00137822293933248,24.15,118.52,285,-0.412060301507538,107.30499,0.942857142857143,0.328781345016651,VISam,True,first 40 quality-passing units by ascending unit_id within area
951083555,0.340946391667912,40,0.97,-0.0291037770925225,0.138992400583388,0.164824120603015,300,2.82330111527528,0.000942227409078209,0.782914572864322,good,0.686767169179229,849876874,0.293912753813574,5.16447291987074,3.50790464432665,0.00081799591002045,59.0966111622753,0.00241963301658725,19.29,125.28,286,-1.37353433835846,100.458345,0.972727272727273,0.383357958398536,VISam,True,first 40 quality-passing units by ascending unit_id within area
951083559,0.466359881521959,50,0.99,-0.0311493307122663,0.00172940093510786,0.206030150753769,301,3.85758075066832,6.83651287906138e-06,0.714237855946399,good,0.68676716917923,849876876,0.180896885033375,5.21681339843503,2.3715670287114,0.000966683928879682,74.4929200007911,0.00285843505067438,20.56,117.08,287,0.686767169179229,80.1996,0.953623188405797,0.0,VISam,True,first 40 quality-passing units by ascending unit_id within area
951083562,0.501655990298827,90,0.99,-0.0700583356645749,0.131764206584432,0.206030150753769,302,8.11444296862109,0.0422024666680086,0.260971524288107,good,-0.206030150753769,849876880,0.337482599367851,3.77790810086664,1.37632570285965,0.001339405304045,79.8462281921584,0.0008106204435757,21.56,175.43,288,-0.255084948552285,71.2674300000001,0.992,0.0562708150556667,VISam,True,first 40 quality-passing units by ascending unit_id within area
951083568,0.56910912299548,50,0.99,-0.227591725238136,0.261571104991391,0.15108877721943,304,13.1793457057414,2.00104019370799e-06,0.219765494137353,good,-0.343383584589614,849876878,0.896239438897895,10.5882720117335,6.83102497853368,0.0,162.663325912438,4.58011744560618e-08,11.33,46.43,290,0.0,199.52166,1.0,0.0,VISam,True,first 40 quality-passing units by ascending unit_id within area
951083573,0.54754807980069,30,0.99,-0.233667473732099,0.249235164457616,0.15108877721943,305,28.9275244757603,3.90767062995019e-05,0.247236180904523,good,0.0,849876880,1.11690312624994,7.86442751781016,7.64848569360826,0.000784775358053757,134.024788489713,9.97940950163332e-05,14.33,26.79,291,0.0,249.615405,0.988666666666667,4.56470248284075e-05,VISam,True,first 40 quality-passing units by ascending unit_id within area
951083575,0.151887073346926,50,0.99,-0.0163824231660786,0.179010798708711,0.109882747068677,306,3.09254604548598,0.00253957851347568,0.700502512562814,good,1.37353433835846,849876882,0.271264520734504,5.67333098278532,2.60710135373557,0.000375221721926593,76.6861489628437,0.000603116248077538,18.06,158.75,292,-0.343383584589614,77.516205,0.980994152046784,0.055914517588811,VISam,True,first 40 quality-passing units by ascending unit_id within area
951083588,0.323265981415546,60,0.99,-0.0599155642228057,,0.164824120603015,310,0.435357434466358,0.00300399894381758,0.741708542713568,good,1.03015075376885,849876886,0.445218882924192,9.11683363852598,4.62671403729664,0.000100321027287319,105.368004177653,4.66857475401156e-08,17.26,83.27,296,-0.892797319932999,150.30288,1.0,0.0,VISam,True,first 40 quality-passing units by ascending unit_id within area
951083597,0.695208581732435,40,0.99,-0.0183326205955391,0.0600660910014815,0.219765494137353,313,10.1420346156582,0.00139520286980184,0.384589614740369,good,-0.68676716917923,849876890,0.163762057152856,6.01207323902349,2.04336817137744,0.000580408965086168,84.6499269950697,0.00257440407498327,17.73,98.36,299,-0.343383584589615,61.10715,0.990666666666667,0.0122544171165213,VISam,True,first 40 quality-passing units by ascending unit_id within area
951083605,0.56244961034892,60,0.98,-0.0763844275947963,0.15862616830354,0.164824120603015,315,0.627558773746216,0.00153006449671421,0.576884422110553,good,0.686767169179229,849876890,0.330790271065707,5.35044121682264,3.7139941921035,0.000100351229302559,40.5434479028169,0.00826596969282817,22.61,142.49,301,-6.24958123953099,107.43096,0.885714285714286,0.387953858658395,VISam,True,first 40 quality-passing units by ascending unit_id within area
951083607,0.6447265019153,70,0.99,-0.0547944819388252,0.116606215367315,0.1785594639866,316,9.54525251447963,0.0645724822628234,0.288442211055276,good,0.686767169179229,849876890,0.255131075964389,4.56241103644575,2.3678576757301,0.0120692937369122,87.8231269095917,0.00421156236800573,18.73,137.1,302,-1.85427135678392,57.60651,0.899333333333333,0.0477924069675603,VISam,True,first 40 quality-passing units by ascending unit_id within area
951083614,0.276643303083045,50,0.97,-0.101060122090437,0.322718988059167,0.123618090452261,318,0.171004160822694,0.000154220811687197,0.618090452261307,good,1.03015075376885,849876892,1.15981706742727,9.68689705855444,7.67806623287416,0.000100090081072966,120.64708934185,5.09704419372972e-10,6.82,25.64,304,0.0,316.058145,1.0,0.0,VISam,True,first 40 quality-passing units by ascending unit_id within area
951083618,0.27071860493178,40,0.97,-0.102703055053814,,0.123618090452261,319,0.164787680602084,0.000160038665436673,0.604355108877722,good,1.03015075376885,849876892,1.135988045894,9.09715218726575,7.92796566463095,0.000100080064051241,134.846192350539,1.58655753757786e-12,6.92,47.06,305,0.0,324.54318,0.791666666666667,0.0,VISam,True,first 40 quality-passing units by ascending unit_id within area
951083623,0.66284423353088,30,0.99,-0.244448118156889,0.282336039950836,0.123618090452261,321,56.5560084044367,0.000106036864563957,0.219765494137353,good,0.68676716917923,849876896,0.985864233477348,10.8011163764088,6.51851557103978,0.0,253.745341810191,2.98019157985041e-15,3.5,27.03,307,-0.68676716917923,223.395315,1.0,0.0032728318839796,VISam,True,first 40 quality-passing units by ascending unit_id within area
951083627,0.34039367198555,50,0.99,-0.0800329172612289,0.357124297784998,0.137353433835846,323,2.61357133996353,0.000890816647208539,0.576884422110553,good,0.343383584589615,849876898,0.700228106381956,8.98132925740037,6.19929888611693,0.00010135819987837,171.547079718261,2.05916162636067e-11,11.9,57.47,308,0.0,205.874175,0.997512437810945,0.0,VISam,True,first 40 quality-passing units by ascending unit_id within area
951083630,0.554213378067169,70,0.99,-0.056331619311641,0.155154431731165,0.206030150753769,326,0.934917861375086,0.00202957492022279,0.618090452261307,good,1.03015075376885,849876902,0.322104912754227,4.74887204369684,2.76964563084447,0.000167319211591875,39.5758664345195,0.00573756524130391,32.07,215.5,309,0.412060301507537,115.908975,0.854700854700855,0.305900383905143,VISam,True,first 40 quality-passing units by ascending unit_id within area
951083644,0.463095602591781,70,0.99,-0.0787314975160304,0.257588733423308,0.1785594639866,330,6.70615542487329,0.000705249184216969,0.590619765494137,good,0.68676716917923,849876902,0.502175889223837,6.91581208001673,3.88639396322165,0.000308800823468863,85.1316902564093,0.000101340935945541,33.51,139.37,313,0.0,166.37244,0.996491228070175,0.00509604104252596,VISam,True,first 40 quality-passing units by ascending unit_id within area
951083647,0.449521928445342,70,0.99,-0.0703097774962867,0.309565605388217,0.1785594639866,331,10.072838057137,0.00101825851883462,0.645561139028476,good,0.68676716917923,849876904,0.372694934432207,4.41329956840125,4.15882484090862,0.00467077974136429,96.4071749947694,0.00336844296026633,9.03,64.2,314,0.824120603015075,136.832085,0.922196796338673,0.135151117473122,VISam,True,first 40 quality-passing units by ascending unit_id within area
951083649,0.429054808675973,70,0.99,-0.0947636424301552,0.253749958217754,0.192294807370184,332,2.84286774154343,0.00191790340044315,0.563149078726968,good,0.343383584589615,849876904,0.690061986560921,6.96019197891853,5.88790851963322,0.00010124531740407,72.0821695364797,0.000252376914405001,5.64,45.25,315,0.686767169179229,230.11755,0.986449864498645,0.0519886176619275,VISam,True,first 40 quality-passing units by ascending unit_id within area
951083653,0.469963841383798,80,0.99,-0.0333571959464744,0.0824665188037005,0.233500837520938,333,3.92096846701618,0.00177262178036359,0.576884422110553,good,0.618090452261307,849876904,0.278519382484837,4.00568431731088,3.05508666958925,0.00481519159036962,56.6098957165065,0.00423671584403529,9.04,151.19,316,-0.480737018425461,104.90376,0.701960784313725,0.26584345605372,VISam,True,first 40 quality-passing units by ascending unit_id within area
951083657,0.317513473884127,70,0.99,-0.0599347817078218,0.219384565363253,0.1785594639866,334,2.18045591475707,0.000468174204174842,0.65929648241206,good,0.68676716917923,849876906,0.520692600940697,4.07525742619227,4.3070484780462,0.000100816614578082,89.969198294001,1.17660465417542e-05,24.77,192.09,317,-0.480737018425461,175.91847,0.954732510288066,0.0,VISam,True,first 40 quality-passing units by ascending unit_id within area
951083659,0.507072188360044,60,0.99,-0.104905695319628,0.284683364593673,0.164824120603015,335,6.53127870260169,0.000103256756113777,0.563149078726968,good,0.412060301507538,849876906,0.473134255693961,7.62308135724289,4.70527330707482,0.000341635065423115,166.657312600725,3.28575472824768e-09,15.81,96.71,318,1.03015075376884,167.487255,1.0,0.00268629508767149,VISam,True,first 40 quality-passing units by ascending unit_id within area
951083667,0.472799895969599,90,0.99,-0.055286989602578,0.0972615213162594,0.219765494137353,337,9.24115453122878,0.00473754695831317,0.576884422110553,good,0.824120603015076,849876910,0.304214633922189,3.53817511116505,3.06247259976436,0.00138571329591907,90.8153477584577,0.000525094705496682,17.2,134.42,320,0.343383584589615,121.27089,0.984126984126984,0.0259420578974747,VISam,True,first 40 quality-passing units by ascending unit_id within area
951083670,0.438628715163706,60,0.99,-0.090464955277162,0.20168599639603,0.1785594639866,338,14.9856918026319,0.000126693034503622,0.618090452261307,good,0.824120603015075,849876910,0.526490403132644,7.11841030685995,4.85129883917609,0.000174725898746342,122.647397657212,7.06835522675567e-05,14.96,57.0,321,0.343383584589615,187.548075,0.997333333333333,0.000170088637681719,VISam,True,first 40 quality-passing units by ascending unit_id within area
951083673,0.48544020246633,110,0.99,-0.0328429927449964,0.0546709587837779,0.260971524288107,339,0.79856293456891,0.00980216338219799,0.604355108877722,good,0.618090452261307,849876910,0.195773344866206,2.77550309030092,2.02303229714546,0.000735687533440342,45.4599595933817,0.00233753434220373,24.11,561.24,322,0.564130174682938,82.1691,0.322916666666667,0.0598977624273865,VISam,True,first 40 quality-passing units by ascending unit_id within area
951083676,0.582064151582925,80,0.99,-0.0878466689288228,0.244625190800302,0.192294807370184,340,9.46250199088724,0.00868839542994603,0.549413735343384,good,0.274706867671692,849876912,0.461188183954552,5.13401766460906,3.00812659814284,0.000104025798398003,89.2637101908637,0.000187824847870292,20.33,121.96,323,-0.137353433835845,169.161915,0.976744186046512,0.342983301827207,VISam,True,first 40 quality-passing units by ascending unit_id within area
951092669,0.670935388640952,90,0.99,-0.0410817114697962,0.144991110940591,0.15108877721943,254,6.920671655923,0.0312196226171619,0.412060301507538,good,0.412060301507537,849874092,0.273474208881839,4.26918673411978,2.60741727215936,0.0154525386313466,120.692071391289,0.00244130025407061,20.66,113.62,251,-5.984685331419,73.8022350000001,0.992,0.160298056409965,VISl,True,first 40 quality-passing units by ascending unit_id within area
951092779,0.132429956093135,30,0.99,-0.0343907883568885,0.102279001529278,0.0961474036850922,264,8.57160496215113,0.0653147409008635,0.233500837520938,noise,0.0,849874118,0.284496967491068,5.0235954343633,3.24692357766843,0.0014754939697203,105.423497738717,0.000223396803461833,11.68,158.77,261,0.686767169179227,75.173865,0.994666666666667,0.0129970384237441,VISl,True,first 40 quality-passing units by ascending unit_id within area
951092793,3.24035995719271,30,0.99,-0.0048351013174841,0.0881935786643356,0.137353433835846,265,8.61756613012082,0.0140687561821938,0.604355108877722,good,2.74706867671691,849874118,0.174737233860764,4.15483345549821,2.27631281545901,0.00897827258035554,69.9795417988509,0.0116743171957812,21.01,649.64,262,-6.18090452261306,50.485695,0.94,0.010801367299527,VISl,True,first 40 quality-passing units by ascending unit_id within area
951092814,0.47690993231064,50,0.99,-0.0884016085905938,0.307722741211212,0.206030150753769,267,0.751684201650538,0.00174970514054385,0.782914572864322,good,1.03015075376884,849874122,0.630560129538357,7.83406107168644,6.77154406483676,0.000201450443190975,100.966300966824,1.41472138325805e-05,11.77,68.06,264,0.0,212.06094,0.953703703703704,0.0,VISl,True,first 40 quality-passing units by ascending unit_id within area
951092828,0.461660528170801,60,0.99,-0.011590480995155,0.079200876748765,0.233500837520938,268,1.1614621537705,0.0584444876726098,0.769179229480737,good,1.99162479061976,849874122,0.182190866127023,3.08536913893728,2.2798194786319,0.00471952535059331,58.0607859214421,0.00304160999550626,15.58,404.37,265,0.0,61.2703650000001,0.755952380952381,0.113260520965198,VISl,True,first 40 quality-passing units by ascending unit_id within area
951092853,0.692479816672217,60,0.99,-0.00633045059446001,0.0842759774571074,0.219765494137353,270,1.60660268967201,0.00249829854462004,1.14003350083752,good,0.274706867671692,849874122,0.200146790050627,3.97740565694788,3.14432329208737,0.000575529825986864,51.9929632751838,0.00474470550533697,21.54,261.74,267,0.343383584589614,86.133255,0.906926406926407,0.0,VISl,True,first 40 quality-passing units by ascending unit_id within area
951092866,0.35280141319656,50,0.99,-0.153858411130892,0.270518922000025,0.137353433835846,271,1.75457523045246,0.000174246384387522,0.727973199329983,good,1.09882747068677,849874126,1.08273278456954,7.35190563100933,6.90522388000664,0.000101564086938858,198.243128059548,3.01005665857075e-16,19.05,36.14,268,0.0,343.627635,0.997835497835498,0.0,VISl,True,first 40 quality-passing units by ascending unit_id within area
951092892,0.537750070593092,50,0.99,-0.0216073960042134,0.232178747921883,0.192294807370184,273,8.19983923985976,0.00269819445327857,0.769179229480737,good,1.03015075376884,849874128,0.361719012773566,3.84374207513938,4.02385416642756,0.0137110997326051,75.6346303243765,0.0187780961264076,14.65,67.89,270,0.0,121.804215,0.843333333333333,0.211897993916363,VISl,True,first 40 quality-passing units by ascending unit_id within area
951092903,0.702060054774376,60,0.99,-0.0467248244725671,,0.15108877721943,274,0.291562974636956,0.0125284405765193,0.700502512562814,good,0.686767169179229,849874128,0.273121790012265,4.85965392678417,3.30711959924654,0.000100270730973629,53.9238719713763,0.000690817641786689,25.49,168.03,271,-0.412060301507537,100.68864,0.91358024691358,0.0,VISl,True,first 40 quality-passing units by ascending unit_id within area
951092914,0.45096020683492,50,0.99,-0.0350974938882859,0.0984170384889477,0.192294807370184,275,7.62323549624008,0.00162309422274654,0.865326633165829,good,1.03015075376884,849874128,0.401974729451541,4.35558100106136,3.99647817830765,0.00236332125413581,64.1368936598775,0.00873708374271442,11.1,68.42,272,0.68676716917923,142.563135,0.956,0.00525823515053508,VISl,True,first 40 quality-passing units by ascending unit_id within area
951092942,0.505792337613793,60,0.99,-0.0448247001063758,0.185158393701701,0.206030150753769,279,6.99211018972954,3.77173517382196e-06,0.65929648241206,good,1.37353433835846,849874130,0.331048847388115,6.081107265241,3.8859121631115,0.000811146101727264,103.110800568077,0.00025049269872452,36.56,134.38,275,0.343383584589614,121.04937,0.991333333333333,0.00312515925249252,VISl,True,first 40 quality-passing units by ascending unit_id within area
951092953,0.546242715026853,50,0.99,-0.0708553811925076,0.168398304532762,0.15108877721943,280,2.63456344645739,0.000121181333453585,0.714237855946399,good,2.06030150753769,849874130,0.417614623075811,5.37516128783667,5.04078988734554,0.000854788525318836,78.1572840097354,0.000789377946750952,15.31,95.35,276,0.686767169179229,150.265635,0.957503320053121,0.0110063003815185,VISl,True,first 40 quality-passing units by ascending unit_id within area
951092964,0.567896442097733,60,0.99,-0.0223255204529904,0.106391706830194,0.1785594639866,281,1.12334801447856,0.0225006431913469,0.618090452261307,good,1.16750418760469,849874130,0.207088879694972,3.21007676538337,2.64386948940985,0.00525624178712221,60.4821818233914,0.00211667064597531,12.94,358.11,277,0.0,72.6248250000001,0.809968847352025,0.12107654975765,VISl,True,first 40 quality-passing units by ascending unit_id within area
951092995,0.541845411511671,60,0.98,-0.0843387933904436,0.0281239296688606,0.123618090452261,284,0.2720982671376,0.0160157491635689,0.700502512562814,good,1.09882747068677,849874134,0.647993010114379,5.75375414064831,4.47501249206644,0.000100220485067148,59.7376464084595,0.000180412785580012,21.91,244.64,280,0.0,213.128175,0.939393939393939,0.0,VISl,True,first 40 quality-passing units by ascending unit_id within area
951093005,0.344952713587123,60,0.99,-0.0447642439357692,0.286050940235128,0.274706867671692,285,1.22648039138615,0.0071886655620086,0.714237855946399,good,1.03015075376885,849874136,0.337306887185784,6.72449644484786,4.70846822172886,0.000303214069132808,85.6885961247172,2.43233923795453e-05,8.08,76.01,281,0.137353433835845,123.909825,0.962264150943396,0.0507852350197529,VISl,True,first 40 quality-passing units by ascending unit_id within area
951093014,0.281734292910421,50,0.95,-0.0305684631968103,0.130526188397247,0.164824120603015,286,0.223385543657535,0.00390773838466407,0.700502512562814,good,0.343383584589614,849874136,0.186522968224198,4.77800274494084,2.94775929292108,0.000834919680726714,51.6298068554429,0.00076192080249979,18.09,63.12,282,-0.686767169179227,97.585995,0.754385964912281,0.0,VISl,True,first 40 quality-passing units by ascending unit_id within area
951093032,0.640633864108078,70,0.99,-0.0519179727107656,0.203332224371038,0.1785594639866,288,0.707557404021107,0.00164137597632957,0.645561139028476,good,1.03015075376885,849874138,0.312498710609877,5.18849804653173,3.48059939806,0.000100593501659793,52.3770313680018,0.00171074205709106,34.05,232.66,284,0.137353433835846,109.660005,0.954802259887006,0.381483127085077,VISl,True,first 40 quality-passing units by ascending unit_id within area
951093051,0.138599713600973,40,0.99,-0.0154570024417516,0.0975640583326895,0.1785594639866,290,4.80391019273383,0.000597974192405327,0.412060301507538,good,1.37353433835846,849874136,0.517127219327901,3.26219711001577,3.94397175604376,0.000834985909612775,81.3832022398523,0.000441947430522776,29.68,222.61,286,-0.686767169179227,116.65368,0.977724741447892,0.0314479637821486,VISl,True,first 40 quality-passing units by ascending unit_id within area
951093101,0.118504663981553,70,0.99,-0.0243624463383602,0.089155564658137,0.260971524288107,295,2.8331849905215,0.0602652948299867,0.453266331658292,good,1.03015075376885,849874144,0.193339082411473,3.21306234728332,2.21776950452731,0.00192598706837254,58.8966670625167,0.00529795485629247,27.11,190.94,291,-1.71691792294807,56.900805,0.887445887445887,0.0713789382678921,VISl,True,first 40 quality-passing units by ascending unit_id within area
951093114,0.0704165854457404,60,0.99,-0.0295390253828219,0.0821164295344507,0.192294807370184,296,8.50526190151196,0.00311808932749643,0.590619765494137,good,-0.343383584589614,849874144,0.299540936593327,4.75255776342161,3.451045215357,0.00635506355063551,108.214165221155,0.000787685944651519,12.36,74.82,292,0.206030150753768,83.7497699999998,0.986666666666667,0.0211209426847483,VISl,True,first 40 quality-passing units by ascending unit_id within area
951093129,0.169579592321592,50,0.99,-0.037397488499325,0.24707259967158,0.206030150753769,297,1.8060395094429,0.00087402045422536,0.65929648241206,good,0.686767169179229,849874144,0.337757190586037,5.37457398576267,4.27676864053367,0.000713994288045696,75.4497052271605,0.00064482781251104,20.26,184.98,293,-0.343383584589615,111.29001,0.95578231292517,0.0936837319267925,VISl,True,first 40 quality-passing units by ascending unit_id within area
951093155,0.719169580863855,50,0.99,-0.00422889504403505,0.0575163293326834,0.260971524288107,299,1.83172069420645,0.00265133803454419,0.824120603015075,good,2.06030150753769,849874148,0.113260186574767,3.74159733913286,1.70753005741707,0.00115634459068803,65.948783601967,0.00117539554370476,21.6,270.07,295,1.71691792294807,58.861725,0.959798994974874,0.0,VISl,True,first 40 quality-passing units by ascending unit_id within area
951093169,0.497682684155599,50,0.99,-0.0698324704420357,0.272587849536454,0.164824120603015,300,2.31181617603612,0.000783196212702163,0.727973199329983,good,0.343383584589615,849874146,0.438919968521158,5.61559505745199,4.63835639844311,0.00129542510397491,74.0126677424886,0.00079584476653178,9.15,120.55,296,0.686767169179229,130.66365,0.95045045045045,0.0571757776178529,VISl,True,first 40 quality-passing units by ascending unit_id within area
951093182,0.337759742072614,60,0.99,-0.0436459628272519,0.192975370565893,0.219765494137353,301,1.45903778674495,1.80751918705808e-05,0.714237855946399,good,0.274706867671692,849874142,0.264270852051783,6.97441381193767,3.74978664806481,0.000236646382691007,84.2700433359482,2.99203924583308e-05,25.0,99.16,297,-0.343383584589615,100.253595,0.99047619047619,0.0,VISl,True,first 40 quality-passing units by ascending unit_id within area
951093194,0.539326543614734,60,0.99,-0.0386747244761423,0.125989679176626,0.164824120603015,302,1.84639565692848,0.00109754130872367,0.673031825795645,good,1.37353433835846,849874146,0.29253143648753,6.05191622579791,3.15610207794916,0.000984084970647121,75.3036771732937,0.000827232934941677,8.37,161.72,298,1.09882747068677,96.1936949999999,0.945386064030132,0.112041560631533,VISl,True,first 40 quality-passing units by ascending unit_id within area
951093203,0.89972874039648,60,0.99,-0.0583174257506444,0.173202286730211,0.137353433835846,303,3.83760466127363,0.0014298100186453,0.65929648241206,good,2.95309882747069,849874148,0.217039929205958,4.78663333291462,2.39884318055833,0.000863110650785431,82.3401395842444,0.00019371415992225,17.21,120.3,299,0.343383584589615,83.9997600000001,0.990338164251208,0.0492789929780887,VISl,True,first 40 quality-passing units by ascending unit_id within area
951093225,0.685229036823448,70,0.98,-0.0214212730167909,0.0698610883680019,0.206030150753769,305,0.56427269855464,0.0641200150299361,0.590619765494137,good,0.686767169179229,849874146,0.180360476398218,2.83431503661588,2.27845740048325,0.00204437294724848,49.9962095868409,0.00245359455992183,14.05,237.19,301,0.549413735343384,63.777285,0.808641975308642,0.239927820432128,VISl,True,first 40 quality-passing units by ascending unit_id within area
951093236,1.53468377166356,40,0.94,-0.139001631996474,0.140557861365312,0.109882747068677,306,0.141450335126213,0.0032648837308597,0.137353433835846,good,0.343383584589614,849874148,0.256769314760105,5.98533624042292,2.1934483728302,0.000267013784586629,68.3392313171946,0.000125566405096927,20.89,72.96,302,1.37353433835846,103.01499,0.769230769230769,0.0,VISl,True,first 40 quality-passing units by ascending unit_id within area
951093264,0.483419187923753,90,0.99,-0.0274449986856497,0.103361820275213,0.343383584589615,308,4.74031868760504,0.0455719227790123,0.618090452261307,good,0.892797319932998,849874150,0.140418151938482,3.8952931593326,2.09586642184387,0.00460202907645644,77.5370115147817,0.00103041763111706,15.99,185.73,304,-2.06030150753769,45.66042,0.96127562642369,0.0662946094674053,VISl,True,first 40 quality-passing units by ascending unit_id within area
951093293,0.247836365705193,40,0.99,-0.0247033496609901,0.0936447657497192,0.206030150753769,311,5.75115865454806,0.00219694859498685,0.741708542713568,good,-1.37353433835846,849874152,0.264961713689583,5.59214944393153,3.60428634010744,0.00183708567854909,102.506528094159,0.00121564369177954,12.37,70.18,307,-1.37353433835846,86.97195,0.988,0.00346448948218429,VISl,True,first 40 quality-passing units by ascending unit_id within area
951093316,0.0975263412592206,30,0.99,-0.0228813778503227,0.178387680581761,0.274706867671692,313,4.40146972197488,0.005093619449934,0.727973199329983,good,,849874154,0.287483973836555,5.34406244115397,3.44291840541005,0.00125130344108446,62.4813895417559,0.00699183574770204,8.26,104.59,309,0.343383584589615,98.024745,0.921138211382114,0.216883212382514,VISl,True,first 40 quality-passing units by ascending unit_id within area
951093339,0.468059863315715,50,0.98,-0.0514600242870722,0.13972215937057,0.164824120603015,315,0.916981351200046,2.87600046689395e-05,0.645561139028476,good,1.37353433835846,849874156,0.273062919721998,6.52466590942087,3.99861356815029,0.000235049192438132,63.2518198135563,0.000379688245638551,10.46,110.2,311,0.343383584589615,98.8104,0.968036529680365,0.0454263332392375,VISl,True,first 40 quality-passing units by ascending unit_id within area
951093353,0.222183078828888,30,0.99,-0.00985106669889436,0.0904618056595645,0.206030150753769,316,2.66605347063174,0.0560596448819339,0.741708542713568,good,,849874156,0.189982472706067,4.70815045405589,2.54898971694268,0.0010559302404796,72.7208878056117,0.000422043093408586,5.12,179.66,312,-0.686767169179229,55.51923,0.97196261682243,0.0537391729757601,VISl,True,first 40 quality-passing units by ascending unit_id within area
951093364,0.793108244697322,80,0.99,-0.0119627535745489,0.122264086631874,0.219765494137353,317,5.40802949145731,0.0190141044447584,0.65929648241206,good,0.549413735343384,849874162,0.122810145517485,4.84909070951309,1.94866524550008,0.000903023164507264,100.033074466857,7.04307852117895e-05,10.32,236.8,313,-1.85427135678392,51.6769500000003,0.994666666666667,0.022202378811918,VISl,True,first 40 quality-passing units by ascending unit_id within area
951093387,0.590989162348967,50,0.99,-0.0910407989614636,0.424184563328424,0.164824120603015,319,1.45159839592059,0.0013056174966333,0.65929648241206,good,0.274706867671692,849874160,0.869620732586804,10.8728906561421,4.71645927202365,0.000101389029706986,181.1330598041,3.40341735103081e-15,18.66,36.81,315,-2.06030150753769,274.796925,0.995133819951338,0.0181274088539946,VISl,True,first 40 quality-passing units by ascending unit_id within area
951093424,0.373056696134493,40,0.99,-0.0946760414370998,0.365200460019833,0.137353433835846,322,4.8878835905321,0.000150973772102187,0.714237855946399,good,0.892797319932998,849874162,0.801159170410144,6.45648486442544,5.20247540747681,0.0,125.947671402501,1.03049891623904e-06,31.64,92.46,318,,235.96716,1.0,0.0,VISl,True,first 40 quality-passing units by ascending unit_id within area
951093438,0.522016768636783,70,0.99,-0.0156987870622428,0.15374151819571,0.1785594639866,323,1.95238149880979,0.0311347019535104,0.906532663316583,good,0.961474036850921,849874162,0.177174891816745,3.89897648411934,2.03929508289912,0.00132234767571966,53.1666161942178,0.00502408659302048,15.09,250.81,319,0.206030150753769,61.6872750000001,0.877712031558185,0.48099499758328,VISl,True,first 40 quality-passing units by ascending unit_id within area
951093486,1.31699225438163,20,0.99,-0.0936227888347843,0.144719801399615,0.123618090452261,327,7.34991431554231,0.000201539512333932,0.1785594639866,good,,849874164,0.303732819533741,7.86072818438095,2.58747380605417,0.0,125.845695149379,6.07217308687654e-06,10.22,150.32,323,2.74706867671692,112.637655,1.0,0.0,VISl,True,first 40 quality-passing units by ascending unit_id within area
951093522,0.437320103577183,70,0.99,-0.00949528390984572,0.100293683767913,0.206030150753769,330,1.07096655031799,0.0471219758826314,0.686767169179229,good,0.686767169179229,849874168,0.191544609202277,4.47439647667246,1.71971407665581,0.00100613743837408,52.2777289866477,0.00194293723083884,24.11,307.91,326,0.0,67.18998,0.699453551912568,0.499537544968383,VISl,True,first 40 quality-passing units by ascending unit_id within area
951093548,0.42501083178438,60,0.99,-0.0536418416303037,0.156379370964689,0.192294807370184,332,3.5903723031928,0.00232909862914586,0.673031825795645,good,0.343383584589614,849874168,0.355675379644799,3.9700250028374,2.66472030341923,0.000579354530893228,84.0585672437351,0.00053786120913802,34.7,168.5,328,0.343383584589615,109.61262,0.975646879756469,0.0118524930859304,VISl,True,first 40 quality-passing units by ascending unit_id within area
951084790,0.687134691555955,20,0.99,-0.172293234387208,0.309583504832218,0.0961474036850921,171,10.0224205085155,2.89932409638045e-05,0.247236180904523,good,,849878288,0.762515429081905,12.0315018200919,4.68236400991667,0.0,197.305829347638,4.01137803719206e-10,19.15,107.77,164,-3.43383584589615,168.94605,1.0,0.0,VISp,True,first 40 quality-passing units by ascending unit_id within area
951084808,0.255332828896446,30,0.99,-0.00752257837410666,0.291276999032768,0.15108877721943,174,1.22508253612692,0.000556110617315512,0.549413735343384,good,0.686767169179227,849878298,0.425079929023336,7.53861627418893,4.52824987837696,3.46428323979769e-05,97.1284565415149,6.2020158514862e-06,8.35,63.45,167,-0.686767169179227,111.581145,1.0,0.0,VISp,True,first 40 quality-passing units by ascending unit_id within area
951084832,0.58084560689942,30,0.99,-0.036318878556918,0.160902265947573,0.15108877721943,178,2.48104436752431,0.0150152394006505,0.700502512562814,good,1.37353433835846,849878310,0.289389688874094,5.01317466593008,3.17324252467567,0.00328612422475238,67.7246481603818,0.00384785444459281,9.66,184.54,171,,85.71264,0.958666666666667,0.335091664707449,VISp,True,first 40 quality-passing units by ascending unit_id within area
951084859,0.8831476892606,70,0.99,-0.0398433573415517,0.11323335959562,0.15108877721943,183,2.08562632907723,0.0364758786412385,0.618090452261307,good,0.412060301507538,849878318,0.172013907051566,6.13539301525434,2.21426139226513,0.000549998281255371,67.0701175923434,0.0013267848222816,10.74,277.74,176,0.686767169179229,54.7556100000002,0.968096809680968,0.105377325301111,VISp,True,first 40 quality-passing units by ascending unit_id within area
951084871,0.111291676402571,70,0.99,-0.0427593681166194,0.14669577209481,0.370854271356784,185,1.34299456460199,0.00182539871993679,0.686767169179229,good,0.480737018425461,849878320,0.233762977570847,5.06896361738673,1.68590834407913,0.00207334896842391,66.7135209017624,0.00140061321171413,16.08,225.92,178,-0.343383584589614,78.638625,0.882556131260794,0.190604401810418,VISp,True,first 40 quality-passing units by ascending unit_id within area
951084877,0.360425284848486,60,0.99,-0.0408994716607578,0.212940751053952,0.192294807370184,186,0.970099048447892,2.71858936874793e-05,0.714237855946399,good,-0.343383584589615,849878324,0.265258669393404,7.6270842572026,3.1613316556895,0.000101502233049127,98.5577921020422,1.31921619020572e-06,16.3,199.94,179,-0.48073701842546,87.1983449999999,0.995495495495496,0.0811777042380819,VISp,True,first 40 quality-passing units by ascending unit_id within area
951084899,0.123094183334656,50,0.99,-0.027090753426087,0.189776438224079,0.123618090452261,190,0.959500214427661,2.74861945842898e-05,0.673031825795645,good,0.68676716917923,849878326,0.381313715545066,8.9155108705073,2.86175492125226,0.000101419878296146,124.035550709498,6.97598888921169e-08,5.96,104.34,183,0.0,103.680915,1.0,0.0,VISp,True,first 40 quality-passing units by ascending unit_id within area
951084911,0.511080893068327,50,0.99,-0.0422888302829753,0.160863955771531,0.137353433835846,192,4.07188858921478,0.000699081121738283,0.727973199329983,good,0.686767169179229,849878328,0.481953250698624,6.20158097528958,3.99509698756074,0.000121241513094083,110.109191187452,2.15558187758501e-05,5.87,102.3,185,0.343383584589615,156.037245,0.994666666666667,0.0622029407424605,VISp,True,first 40 quality-passing units by ascending unit_id within area
951084917,0.615191462866667,50,0.99,-0.126412783133563,0.212025361542114,0.123618090452261,193,19.1532141050791,9.03064631634663e-05,0.260971524288107,good,0.0,849878328,0.758133570495643,8.57347708847619,4.454956140315,0.00098838645910551,200.506118533745,1.43641579246601e-06,13.08,70.89,186,-0.686767169179229,166.29678,1.0,0.000104125140298276,VISp,True,first 40 quality-passing units by ascending unit_id within area
951084924,0.100979435724053,80,0.99,-0.05333419047336,0.101583367304071,0.343383584589615,194,10.422832228376,0.0581874695158837,0.260971524288107,good,-0.343383584589615,849878322,0.24623492096181,4.41202400801732,1.58423249206996,0.0202322967403522,107.689523940903,0.0018931947941925,12.07,119.94,187,0.0686767169179227,56.0999399999999,0.991333333333333,0.0450067239629452,VISp,True,first 40 quality-passing units by ascending unit_id within area
951084963,0.378715294665472,100,0.99,-0.0732131763453633,0.130940229470354,0.192294807370184,200,0.318372668069253,8.28369148563021e-05,0.563149078726968,good,1.43574150947977,849878336,0.363031700183569,7.78344569135597,4.04874131893799,0.000167218487675997,72.4207038666393,9.88831463013828e-05,11.46,61.06,193,0.480737018425461,118.534065,0.929292929292929,0.0,VISp,True,first 40 quality-passing units by ascending unit_id within area
951084970,5.67175484918386,60,0.99,-0.0449367238437657,0.32035156625154,,201,1.30192408277359,7.33458798775561e-05,1.37353433835846,good,0.922230198612108,849878340,0.0651566468252465,8.13100860586641,1.7420930091213,0.000101378751013788,98.466192278122,1.03952322703269e-06,11.26,115.97,194,,139.975485,0.990196078431373,0.0225355211227533,VISp,True,first 40 quality-passing units by ascending unit_id within area
951084975,7.2965891732478,40,0.99,-0.00162685586946126,0.141032047474426,,202,2.71034606507739,0.0124392092550757,1.12629815745394,good,1.09882747068677,849878340,0.0377332268323401,4.64002302961655,1.1489631045101,0.00376299945265463,64.1284772555872,0.00403094740145536,10.66,211.58,195,,84.7362749999999,0.899739583333333,0.0779975017871959,VISp,True,first 40 quality-passing units by ascending unit_id within area
951084986,0.0723976785233862,60,0.99,-0.0584127374370068,0.265547630480728,0.247236180904523,204,3.28808443104557,0.00143027360122843,0.631825795644891,good,0.480737018425461,849878344,0.370943931250568,6.2135530498293,3.78306349865387,0.000208138203767301,76.0668189374516,0.000627668063432987,8.12,137.26,197,-1.37353433835846,131.504685,0.9923273657289,0.00353307620612892,VISp,True,first 40 quality-passing units by ascending unit_id within area
951084993,0.0759115021694428,100,0.99,-0.0338000894293177,0.177872109833338,0.398324958123953,205,8.67545138115597,0.0149544370453665,0.645561139028476,good,1.68257956448911,849878344,0.179924624105937,2.84460255979632,2.18201273081649,0.00838332564220889,80.4442525992674,0.00303767363519014,9.6,135.68,198,-0.686767169179227,75.2294399999998,0.97,0.066992887535656,VISp,True,first 40 quality-passing units by ascending unit_id within area
951085010,0.246282760438249,90,0.98,-0.0581726421781541,0.113392459186763,0.233500837520938,208,0.629407681816806,0.00238899250790481,0.645561139028476,good,1.07920555156736,849878350,0.360722065664825,4.26133530110229,3.1187178565415,0.000100401606425703,45.8770462134486,0.00368187010096418,12.31,154.47,201,-0.343383584589614,133.698045,0.858333333333333,0.0964217142347266,VISp,True,first 40 quality-passing units by ascending unit_id within area
951085015,0.334878883584299,90,0.99,-0.074103188182004,0.160068571708959,0.260971524288107,209,6.32189875747117,0.000262200200176192,0.631825795644891,good,0.858458961474037,849878350,0.341450294575404,5.12833715010764,4.00487969091704,0.00177267987486966,89.2660875820855,0.00115175697635303,7.29,110.8,202,0.343383584589615,144.36045,0.980487804878049,0.00477874501327329,VISp,True,first 40 quality-passing units by ascending unit_id within area
951085027,0.516600172567053,90,0.99,-0.179165723916116,0.25571477335501,0.233500837520938,211,6.80608203083769,3.87491797453078e-06,0.576884422110553,good,0.809404163675521,849878350,0.637988939042249,9.44942183187852,6.6267036401875,0.000534385662021622,173.264432703008,6.09271759138953e-05,26.69,224.77,204,0.686767169179229,276.42693,0.997333333333333,0.0,VISp,True,first 40 quality-passing units by ascending unit_id within area
951085033,0.323665269294054,110,0.99,-0.0674665943087272,0.300967067461698,0.947738693467337,212,1.23700622439968,2.1320029824609e-05,0.686767169179229,good,1.17895030709101,849878348,0.366142230817526,4.66900754431507,1.72326334400179,6.72314105149926e-05,64.7520449655278,0.000379516481570258,11.42,160.45,205,0.68676716917923,149.378775,0.972222222222222,0.249629068801958,VISp,True,first 40 quality-passing units by ascending unit_id within area
951085040,0.535287068240564,70,0.99,-0.109412412780942,0.269324963831472,0.164824120603015,213,6.58544284185884,0.000323244651826296,0.576884422110553,good,0.412060301507538,849878352,0.601186200203371,8.61038881679321,5.22393030098233,0.000278677674434807,132.346660243103,3.70168975889625e-05,6.77,69.94,206,0.755443886097152,208.790985,0.994586233565352,0.00264234920374217,VISp,True,first 40 quality-passing units by ascending unit_id within area
951085052,0.897257882823863,120,0.99,-0.0521901832818336,0.110690064032662,0.206030150753769,215,5.17753041888294,0.0130473597911671,0.618090452261306,good,1.24762702400893,849878352,0.21650570319146,3.02707489184901,2.19332480140553,0.00555498050581375,55.2938789196696,0.00813974311928253,8.23,177.6,208,0.755443886097153,86.2783349999999,0.859390363815143,0.0740963733449456,VISp,True,first 40 quality-passing units by ascending unit_id within area
951085072,0.589236625087882,50,0.99,-0.0940332537822339,-0.00161644473028316,0.1785594639866,218,7.92599152168693,0.00214148918964905,0.604355108877722,good,0.686767169179229,849878358,0.665474271645868,5.57862070086114,4.38341360241642,0.0066301831193433,113.267021344137,0.00598949393624486,6.93,63.67,211,0.0,221.698815,0.870147255689424,0.233487128451207,VISp,True,first 40 quality-passing units by ascending unit_id within area
951085077,0.81747756609065,110,0.99,-0.118062597174102,0.0926073843871344,0.109882747068677,219,7.96166067463963,0.0637941955354499,0.192294807370184,noise,0.0981095955970325,849878358,0.41096732489589,4.73754838831334,1.91119273043938,0.000492056797413187,82.7868448144402,0.00029383401856688,13.82,304.08,212,-0.686767169179229,97.8591899999999,0.987333333333333,0.031938799373068,VISp,True,first 40 quality-passing units by ascending unit_id within area
951085089,0.449359018821241,40,0.99,-0.0977020688236764,0.120830093455057,0.164824120603015,221,11.2446495124062,0.036050111236926,0.288442211055276,good,2.06030150753769,849878360,0.470616126266403,4.83951171960015,2.57540580836721,0.00223535047102028,88.3572854399754,0.00137291628373341,12.55,99.62,214,0.0,108.521985,0.986666666666667,0.0135943858897812,VISp,True,first 40 quality-passing units by ascending unit_id within area
951085096,0.438124832759101,70,0.99,-0.137502554308783,0.360946495806033,0.206030150753769,222,10.2968691625202,0.000158259543149096,0.590619765494137,good,0.412060301507538,849878360,0.787562016350959,9.38354312408417,6.07517120663308,0.0,124.356722774679,8.18982837323938e-07,19.89,160.03,215,-0.343383584589614,276.482895,0.992,0.00216162218097861,VISp,True,first 40 quality-passing units by ascending unit_id within area
951085102,0.960787730340437,70,0.99,-0.125607627909499,0.320134016247426,0.370854271356784,224,15.0998734753998,6.14415982000062e-05,0.563149078726968,good,0.549413735343384,849878358,0.583408215991418,8.0906599809351,4.41900613397313,0.000280406589554855,181.39437521633,0.000188026670530945,11.75,108.09,216,2.4036850921273,203.209695,0.997333333333333,0.0,VISp,True,first 40 quality-passing units by ascending unit_id within area
951085115,0.87727236447701,80,0.99,-0.0586352116356802,0.297583473513486,0.164824120603015,226,9.6004034731523,0.000397772531884807,0.618090452261307,good,0.480737018425461,849878364,0.349955325287328,7.01236441445412,3.03840640992033,8.34271889208693e-05,128.966261992879,5.92868186964461e-05,24.31,249.11,218,0.68676716917923,140.56107,0.997333333333333,0.0,VISp,True,first 40 quality-passing units by ascending unit_id within area
951085122,1.09412638331967,80,0.99,,0.193608836893458,0.920268006700168,227,5.19719940893971,0.0536577841233088,1.48341708542714,good,0.206030150753769,849878366,0.0486666244958705,3.15820711450702,2.45424592080957,0.000932062966031483,84.2678417687702,0.000405444276427216,14.93,156.58,219,0.0686767169179228,128.04753,0.979651162790698,0.130103204362759,VISp,True,first 40 quality-passing units by ascending unit_id within area
951085129,0.724091852218927,50,0.98,-0.234097628087236,0.320966397412916,0.123618090452261,228,3.24008394235779,0.00138130129596972,0.274706867671692,good,-0.686767169179229,849878366,1.26872892453752,10.5848072320461,5.15911318147248,0.000102186797465767,154.731848767402,2.71566403392878e-09,4.96,56.9,220,0.0,291.281835,0.998442367601246,0.0,VISp,True,first 40 quality-passing units by ascending unit_id within area
951085153,0.443301323454159,100,0.99,-0.0918851517844787,0.218867819441793,0.164824120603015,232,1.77632381704452,0.00318230241451906,0.631825795644891,good,0.882986360373295,849878360,0.475394120124687,4.99438854794869,3.67541127481241,0.000134898151895319,73.1863045691139,0.000137384408341247,15.31,380.91,224,-0.686767169179229,164.78631,0.971264367816092,0.0,VISp,True,first 40 quality-passing units by ascending unit_id within area
951085159,0.69928011067858,70,0.99,-0.0553497166886632,0.325678334376831,0.123618090452261,233,2.00226242303348,0.000696847087539722,0.714237855946399,good,0.549413735343384,849878368,0.658092370253674,7.39824121044921,3.79304069404424,0.000101317122593718,90.091761820817,1.89241184583357e-05,16.14,139.3,225,0.343383584589615,198.192345,1.0,0.00952789434681085,VISp,True,first 40 quality-passing units by ascending unit_id within area
951085181,0.661180848311182,110,0.99,-0.0400611607350529,0.168254435116915,0.233500837520938,237,7.27579381929198,0.0102431791538496,0.673031825795645,good,0.858458961474037,849878370,0.203529267399597,4.10321542014302,2.71866386563973,0.00125957804135615,89.9696003523445,0.00110223122600425,16.14,127.48,229,0.480737018425461,95.48448,0.983791402396054,0.0245333625279142,VISp,True,first 40 quality-passing units by ascending unit_id within area
951085189,0.354813041495706,50,0.99,-0.0789392223271233,0.475026412442549,0.15108877721943,239,1.85051565518614,0.000269577866394899,0.755443886097152,good,1.03015075376884,849878374,1.16582885699114,10.2919367971607,7.26145985970993,0.000102092904543134,144.132956685101,1.02346865581086e-09,4.5,36.32,231,0.0,333.37044,0.996747967479675,0.0,VISp,True,first 40 quality-passing units by ascending unit_id within area
951085192,0.873979207800396,90,0.99,-0.0168437881204228,0.136020061566155,0.302177554438861,240,3.34484934017315,0.0988363930261926,0.604355108877722,noise,0.412060301507538,849878374,0.254753812418244,4.44648365107893,2.11318012428084,0.00121174352582745,69.4543488050924,0.00196717732707431,7.12,164.15,232,0.412060301507538,85.23762,0.972222222222222,0.0751118546319897,VISp,True,first 40 quality-passing units by ascending unit_id within area
951085196,0.285919600201724,60,0.99,-0.0475404005040099,0.203452542747834,0.164824120603015,241,4.19978798051661,0.00101953034989894,0.782914572864322,good,1.30485762144054,849878376,0.393543184873669,5.36409213646497,3.79786620614424,0.0027605968480274,77.4840069814645,0.00283634983137939,2.16,45.77,233,0.343383584589614,123.37182,0.973969631236442,0.0887908166988252,VISp,True,first 40 quality-passing units by ascending unit_id within area
951085200,0.355506543245286,80,0.99,-0.0541446565579255,0.0972082501542136,0.192294807370184,242,3.31794460766026,0.0113059038823841,0.782914572864322,good,0.892797319932998,849878376,0.283708857236994,3.13856483944852,3.14958050159818,0.00266362252663623,62.1685150105192,0.00546740222862138,12.77,126.06,234,-0.206030150753768,99.2815200000001,0.887362637362637,0.138790792388429,VISp,True,first 40 quality-passing units by ascending unit_id within area
951085206,0.567946539103683,90,0.99,-0.0288897044022229,0.134939454184211,0.164824120603015,244,1.48251190857984,0.000508696161232374,0.769179229480737,good,0.333572625029911,849878374,0.338270893186077,4.02125041138464,2.74192346248265,0.00074487895716946,52.7865209502926,0.00474607967418882,14.23,148.8,236,-0.137353433835846,115.46496,0.879569892473118,0.0695188431741507,VISp,True,first 40 quality-passing units by ascending unit_id within area
951085217,0.59078634403844,70,0.99,-0.0278759740667086,0.0735330478572136,0.15108877721943,247,1.00923320483028,0.00742669540801655,0.782914572864322,good,1.03015075376885,849878380,0.323096617496432,5.51557073504984,3.0474643895692,0.000437666229000438,62.5386133771612,0.000797031717950632,9.49,212.14,239,0.412060301507538,105.066585,0.966329966329966,0.0375021239491107,VISp,True,first 40 quality-passing units by ascending unit_id within area
951085222,0.81063655991933,70,0.99,-0.0365033567407329,0.16586703886955,0.15108877721943,248,1.1049284466091,0.00431059295770625,0.686767169179229,good,1.03015075376884,849878380,0.28133189406325,5.16250894031529,2.78858473758558,0.00040440804772015,56.2691794865031,0.00205564158114584,11.55,186.66,240,0.343383584589615,94.1793449999999,0.923547400611621,0.344162305431074,VISp,True,first 40 quality-passing units by ascending unit_id within area
951085242,1.5151697986436,70,0.99,,0.0895181040664742,2.0465661641541,252,3.95418038447087,0.0569904238048542,1.33232830820771,good,1.5108877721943,849878384,0.0328571370748306,3.74392423972913,2.28358843117223,0.00511428869637825,67.8130081455834,0.00495332138124145,14.64,193.95,244,0.0686767169179227,80.008305,0.929992044550517,0.278503606281539,VISp,True,first 40 quality-passing units by ascending unit_id within area
951104529,0.617435074268448,90,0.99,-0.0139435913672005,0.101547475534431,0.15108877721943,191,8.30847924358896,0.0796866575960044,0.618090452261307,good,0.0,849871552,0.245980198663463,3.86933976729838,2.10143698825233,0.00981333333333333,72.2110225222462,0.00787691139594958,24.38,145.72,187,0.0735821966977744,80.5564499999999,0.944666666666667,0.0730416259147753,VISrl,True,first 40 quality-passing units by ascending unit_id within area
951104539,0.586573275705693,60,0.99,-0.082717550213085,0.101207649268697,0.15108877721943,192,25.3630372042235,0.00416110875156151,0.357118927973199,good,0.343383584589614,849871552,0.613136294535541,5.20782767854579,3.44759053306268,0.0185185185185185,211.410265614452,0.0275732153219561,13.34,59.59,188,0.0,151.48887,0.983333333333333,0.253307039412516,VISrl,True,first 40 quality-passing units by ascending unit_id within area
951104611,0.260427574964538,20,0.99,-0.082150613492547,0.155777441595694,0.0824120603015075,198,12.1857287934563,0.0551597856458244,0.260971524288107,good,,849871558,0.643331905788397,7.3150765804212,3.33238827705276,0.00129449838187702,113.586157942138,0.000654722585172875,10.59,77.22,194,0.0,170.15388,0.997333333333333,0.00643102867227928,VISrl,True,first 40 quality-passing units by ascending unit_id within area
951104621,2.31423237972043,60,0.98,-0.096608800575137,0.0113557525646746,0.563149078726968,199,2.25953784943645,0.0640499670426407,0.15108877721943,noise,1.03015075376884,849871562,0.141290674733566,4.76988151857834,1.40839232990593,0.00651971437441788,62.7381176819995,0.00541683072399447,44.33,372.62,195,0.961474036850921,104.180505,0.822947576656775,0.022444551886283,VISrl,True,first 40 quality-passing units by ascending unit_id within area
951104686,0.909132226178834,70,0.99,-0.0123676647880315,0.0334573561628368,0.0824120603015075,205,6.61902324196722,0.0146685440645369,0.288442211055276,good,1.5108877721943,849871572,0.139477618528237,3.18292257116975,0.822144155303979,0.00196764320069961,88.5484622761371,0.000731492138159733,39.69,155.41,201,0.0,52.24947,0.989333333333333,0.007846638100553,VISrl,True,first 40 quality-passing units by ascending unit_id within area
951104745,0.289635289153864,50,0.99,-0.0659970428331999,0.280187581987989,0.1785594639866,210,2.57494780992742,0.000175941683923449,0.796649916247906,good,0.686767169179229,849871576,0.718611083493967,6.65337730090427,4.86769003798958,0.000832726137191631,110.426650111899,0.00108966816225454,21.34,69.31,206,-0.343383584589614,267.40857,0.984732824427481,0.0,VISrl,True,first 40 quality-passing units by ascending unit_id within area
951104792,0.558196300704121,60,0.99,-0.022578213217165,0.0603676461043051,0.15108877721943,214,6.61739268966742,0.022831265240362,0.714237855946399,good,0.0,849871578,0.29824124584981,3.72500621066425,2.35881285033535,0.00654388450381164,83.3118994374124,0.00363683539891717,28.05,197.12,210,-0.412060301507537,92.69052,0.964666666666667,0.0322743002393848,VISrl,True,first 40 quality-passing units by ascending unit_id within area
951104819,0.491210224891005,50,0.99,-0.0281254694163346,0.146843144963096,0.233500837520938,217,7.72545488689467,0.0429592541196014,0.700502512562814,good,1.37353433835846,849871584,0.292453440873476,4.09041461791579,2.57647783415525,0.00469413233458177,90.7802303917074,0.000458427037734813,18.74,172.61,213,0.412060301507537,105.869205,0.992,0.0217600415791059,VISrl,True,first 40 quality-passing units by ascending unit_id within area
951104861,0.979471373715532,70,0.99,-0.0222390073517485,0.132065992117444,0.192294807370184,221,1.25104125201524,0.0569041912314097,0.549413735343384,good,2.4036850921273,849871588,0.18965824709988,4.07028565863701,1.68418037899357,0.00219231677290971,57.5065883391474,0.00176811917316134,20.82,439.42,217,0.0,70.32246,0.857549857549858,0.341675391136971,VISrl,True,first 40 quality-passing units by ascending unit_id within area
951104868,0.318266218142274,40,0.99,-0.157534206251182,0.204314081859169,0.137353433835846,222,0.756881995659592,0.000335916876422555,0.563149078726968,good,1.03015075376885,849871592,0.835779842761609,5.43117058419436,4.56326591152581,0.000335683115139308,63.0607117729819,0.000718475252447798,6.43,89.73,218,2.74706867671692,272.827815,0.971428571428571,0.0666764664707938,VISrl,True,first 40 quality-passing units by ascending unit_id within area
951104888,0.188548160869848,50,0.99,-0.065438022983846,0.136927254221587,0.15108877721943,224,1.01461116854543,0.00326502089880433,0.645561139028476,good,0.961474036850921,849871594,0.511574372322557,5.65787654075643,3.28289167905966,0.000572679804615125,65.5393553193594,0.00111430943389574,28.66,179.97,220,0.0,153.56562,0.936507936507936,0.0,VISrl,True,first 40 quality-passing units by ascending unit_id within area
951104935,0.929695839136161,50,0.99,-0.0162129970455524,0.125108353848367,0.192294807370184,229,1.76853778816165,0.00949524845232137,0.83785594639866,good,1.71691792294807,849871600,0.215560499144858,4.00169453607462,1.20331387809874,0.000372818166412473,62.8342133183675,0.00118554663592613,38.72,302.05,225,0.343383584589615,99.325005,0.96969696969697,0.195398047846833,VISrl,True,first 40 quality-passing units by ascending unit_id within area
951104945,0.966457741462314,50,0.99,-0.108237177019524,0.110120329546385,0.137353433835846,230,1.89949151973867,0.0855552455326107,0.576884422110553,good,1.37353433835846,849871600,0.474143173649508,4.14468762192141,1.88843934180228,0.00213783976381961,57.0158682799341,0.00494150937324813,34.26,202.33,226,0.343383584589614,177.77058,0.843691148775895,0.328182864417408,VISrl,True,first 40 quality-passing units by ascending unit_id within area
951104954,0.670918736156995,70,0.99,-0.418764082559131,0.234919667645588,0.0961474036850922,231,16.8573630418785,7.05275144870488e-05,0.1785594639866,good,0.206030150753768,849871600,1.38164741529639,9.96653889664947,4.43068341349252,0.000262743037309511,153.588506392348,3.30219402080156e-08,25.19,52.28,227,0.0,364.142025,1.0,0.0332006509517138,VISrl,True,first 40 quality-passing units by ascending unit_id within area
951104965,0.396806507881487,50,0.99,-0.0665503794008049,0.220009056769579,0.137353433835846,232,2.48078341461444,0.0109824969222774,0.796649916247906,good,1.37353433835846,849871600,0.892114820055519,3.68408951070193,3.18232783293542,0.00128700128700129,66.2104483577016,0.0010821582036201,33.39,163.1,228,0.343383584589614,265.87938,0.926160337552743,0.0248262553070485,VISrl,True,first 40 quality-passing units by ascending unit_id within area
951104974,0.456094193537269,50,0.99,-0.0812098318084674,0.146853698719567,0.137353433835846,233,1.38882292134764,0.00136774931056858,0.631825795644891,good,0.68676716917923,849871600,0.914343697035064,5.73869319574896,3.7436587264515,0.000369921980091472,76.115508567408,0.000174560750721018,24.09,122.59,229,0.0,297.673935,0.958333333333333,0.0198031909125529,VISrl,True,first 40 quality-passing units by ascending unit_id within area
951105010,8.94822159456108,10,0.99,-0.00833045459299456,0.035514244406748,1.22244556113903,237,22.8224329021104,0.00805499275640507,1.93668341708543,noise,,849871604,0.003976879238097,2.1188293006745,1.17301138695361,0.0273747339911008,68.8445399377807,0.0487185241206349,11.1,337.2,233,,68.013075,0.864666666666667,0.00366672998826769,VISrl,True,first 40 quality-passing units by ascending unit_id within area
951105020,0.38432144225562,60,0.99,-0.136643655571339,0.14920831103393,0.123618090452261,238,5.99034342087875,0.00151736416232467,0.631825795644891,good,1.30485762144054,849871604,0.842511161814498,4.93606508599486,3.97984154082098,0.000172854871050266,87.7588417294761,0.000277214392723321,25.53,113.43,234,0.0,284.518455,0.988826815642458,0.0223542217816527,VISrl,True,first 40 quality-passing units by ascending unit_id within area
951105053,0.343580040904368,60,0.99,-0.0591270227043268,0.178340994757434,0.164824120603015,242,1.88267644914707,0.00142910696761552,0.645561139028476,good,0.892797319932998,849871610,0.553263173208651,4.7800271168623,3.08950319838824,0.00020224491859642,79.4771109611019,4.07602622600382e-05,15.09,169.12,237,0.0,176.149935,0.984984984984985,0.0754354673918486,VISrl,True,first 40 quality-passing units by ascending unit_id within area
951105065,0.419306365229651,90,0.99,-0.190081939015923,0.211892096951275,0.1785594639866,243,11.1493089879012,0.000482572398621487,0.50820770519263,good,0.726011007418042,849871620,1.54820421272813,5.96073148087876,5.06134285318349,0.0,109.734351252719,8.58423036862368e-06,35.81,133.23,238,-0.137353433835846,490.67811,1.0,0.0,VISrl,True,first 40 quality-passing units by ascending unit_id within area
951105076,0.384015977009943,60,0.99,-0.0533211909457497,0.204802396529051,0.15108877721943,244,1.39473367343439,0.00306601927881837,0.714237855946399,good,1.71691792294807,849871612,0.419858136874316,6.58429036364271,2.24815573586852,0.000100715077047034,72.0054149277968,5.18557162573663e-05,11.22,245.78,239,0.068676716917923,133.633695,0.976525821596244,0.0196356983983973,VISrl,True,first 40 quality-passing units by ascending unit_id within area
951105085,0.435920709219255,50,0.99,-0.140217390807837,0.244445291790104,0.164824120603015,245,4.91305789831008,0.000164337269906727,0.398324958123953,good,1.03015075376884,849871612,0.96528624796521,7.52160352928941,4.39781366424373,0.000102627257799672,113.370259783474,3.51609933943672e-07,21.63,126.46,240,-0.686767169179229,257.59968,0.998697916666667,0.0,VISrl,True,first 40 quality-passing units by ascending unit_id within area
951105098,0.23114296429291,50,0.99,-0.0845036414645798,0.208173790327829,0.219765494137353,247,14.2280974584642,0.00620315000987279,0.576884422110553,good,0.0,849871616,0.524118873212074,5.28553826793842,2.92888028433149,0.0037684654808562,79.0836420165196,0.00127802936601084,21.18,69.82,241,0.686767169179229,172.520985,0.994,0.00716999510864655,VISrl,True,first 40 quality-passing units by ascending unit_id within area
951105120,0.380347115386166,100,0.99,-0.142887802210362,0.258337683747747,0.192294807370184,250,5.1266602495828,0.0142180716080374,0.521943048576214,good,0.470926058865758,849871618,0.895155118983801,4.84044569880438,3.81720830639686,0.000341495065396305,57.2654114989713,0.00363116853593441,25.78,235.91,243,0.274706867671692,307.21119,0.931659693165969,0.0494127208217074,VISrl,True,first 40 quality-passing units by ascending unit_id within area
951105130,0.347571904502666,90,0.99,-0.0898169310534195,0.217416084264596,0.219765494137353,251,21.0912959073253,0.000790206380497868,0.604355108877722,good,0.784876764776262,849871618,0.618238458030041,3.87205458357387,3.36604290999348,0.000877385391533231,96.9858200421464,0.000344262292615466,25.57,117.26,244,0.068676716917923,241.439055,0.994666666666667,0.00223254355652347,VISrl,True,first 40 quality-passing units by ascending unit_id within area
951105140,0.464137278724913,80,0.99,-0.141963074522169,0.165537221542208,0.1785594639866,253,6.61820796581732,0.00141683835018978,0.50820770519263,good,0.470926058865758,849871620,1.16452236126091,5.53631502040754,4.18512653147648,0.000308737264587836,107.544447354864,2.38686653578014e-05,25.56,150.02,245,0.0,373.93044,0.989399293286219,0.0113368253913596,VISrl,True,first 40 quality-passing units by ascending unit_id within area
951105157,0.456780744195258,70,0.99,-0.119967528935076,0.200309261620377,0.206030150753769,255,9.25898932484883,0.000406647442878723,0.521943048576214,good,0.480737018425461,849871622,0.702444546540838,4.20713727060253,3.21162431080543,0.000243893940977666,81.2149595315899,0.000394941767162535,33.86,146.5,247,0.686767169179229,257.391225,0.989222478829869,0.000891130513081572,VISrl,True,first 40 quality-passing units by ascending unit_id within area
951105166,0.422851006597325,50,0.99,-0.123624220180267,0.14323086855781,0.192294807370184,256,13.6514934014504,0.000507840926794584,0.549413735343384,good,1.03015075376885,849871624,0.857935081797284,3.31474419435321,4.1919300723537,0.000532197977647685,65.1927201411556,0.00903122835860945,30.28,216.93,248,1.03015075376884,298.954305,0.987333333333333,0.000614879272281208,VISrl,True,first 40 quality-passing units by ascending unit_id within area
951105194,0.35818699625005,60,0.99,-0.0892818004950092,0.346513531731306,0.15108877721943,259,3.23715586268035,0.000282194864298726,0.700502512562814,good,0.618090452261307,849871626,1.36308695319609,7.76252650791474,5.25336175051777,0.000101553772722657,142.849565246717,9.93451990206758e-07,9.97,73.07,251,0.343383584589614,401.103105,0.993464052287582,0.0,VISrl,True,first 40 quality-passing units by ascending unit_id within area
951105205,0.665408094113677,120,0.99,-0.0647033035435681,0.191568932206889,0.192294807370184,260,5.87528757422469,0.00753953858759034,0.549413735343384,good,1.19366674643057,849871626,0.43317641857674,3.9867830585332,2.13975430288274,0.000822875951450319,58.5445605102285,0.00487951951898293,24.62,194.7,252,-0.480737018425461,150.005115,0.930455635491607,0.106228708436672,VISrl,True,first 40 quality-passing units by ascending unit_id within area
951105228,0.46325392274921,90,0.99,-0.170475190324022,0.313374076044794,0.192294807370184,262,6.62218243704806,0.000139934745538498,0.521943048576214,good,0.68676716917923,849871630,0.966413446403682,8.6323173771748,5.26800078857195,0.000206504904491482,158.382749332201,2.04571388346552e-07,24.0,136.87,254,0.274706867671692,341.45397,0.996825396825397,0.0,VISrl,True,first 40 quality-passing units by ascending unit_id within area
951105241,0.441595052222504,100,0.99,-0.0514582084743526,0.171131538058026,0.192294807370184,263,4.96095537211646,0.034494859098516,0.714237855946399,good,0.824120603015075,849871632,0.440070922578238,3.77549033757161,2.59417381277102,0.00495421620882875,56.0320356934528,0.00618036245374493,18.97,164.84,255,0.156975352955253,156.73359,0.836065573770492,0.380245750608244,VISrl,True,first 40 quality-passing units by ascending unit_id within area
951105252,0.551377526789281,110,0.99,-0.088643641787717,0.109448844118643,0.206030150753769,264,6.32521809944849,0.000375394566075012,0.535678391959799,good,0.412060301507538,849871632,0.493774923325187,4.65550208950378,3.07002585524296,0.00258024563938487,61.7945337914344,0.00351300511243251,30.94,126.07,256,0.441493180186647,187.65513,0.956055734190782,0.0324606216338904,VISrl,True,first 40 quality-passing units by ascending unit_id within area
951105261,0.557040196153963,80,0.99,-0.0637942627898599,0.0699857051929925,0.164824120603015,265,2.35044114014984,0.0411943586431555,0.604355108877722,good,1.03015075376885,849871632,0.365016172933492,3.70400207144947,2.18603428066615,0.00134884505142472,46.2206059857706,0.00750800413639837,35.64,236.6,257,1.21004706750614e-18,127.21215,0.739130434782609,0.076054138368325,VISrl,True,first 40 quality-passing units by ascending unit_id within area
951105268,0.463406967979421,120,0.99,-0.0503509781754075,0.09338192411735,0.206030150753769,266,6.89428085207581,0.0311544800960396,0.604355108877722,good,0.156975352955253,849871632,0.319384842925083,2.9941764236076,2.20521523297099,0.00313977159024256,77.9494989455616,0.000502905436754043,25.51,188.2,258,0.26980138789184,120.55563,0.968534906588004,0.0401810227791429,VISrl,True,first 40 quality-passing units by ascending unit_id within area
951105277,0.480083291687585,90,0.97,-0.0801879220027862,0.0270122246365482,0.164824120603015,267,0.784499475237315,0.00232657931830922,0.604355108877722,good,0.755443886097153,849871632,0.504116401387941,4.15095985629278,2.57842259692344,0.00180686609114636,33.9420828705047,0.0090218870382141,11.14,211.63,259,0.353194544149318,158.30217,0.289473684210526,0.496516399658214,VISrl,True,first 40 quality-passing units by ascending unit_id within area
951105285,0.141584498519215,160,0.99,-0.0309448697742579,0.201097748071974,0.274706867671692,268,19.0034755969607,0.00474994142774691,0.549413735343383,noise,1.11027359017309,849871634,0.340090671325055,3.66097929836367,2.03464555192406,0.00281786941580756,96.8338580130062,0.000373533359956393,22.57,181.19,260,0.212570790460238,123.794385,0.99,0.0564812250042177,VISrl,True,first 40 quality-passing units by ascending unit_id within area
951105294,0.186974734896932,70,0.99,-0.0707445548752815,0.206823413346816,0.1785594639866,269,1.89062539160856,0.00141720951144715,0.549413735343384,good,0.961474036850921,849871634,0.666393729622901,5.283842458338,2.83280115899526,0.000100928542591845,95.2468064090148,1.10990153339209e-05,15.4,123.93,261,-0.206030150753769,171.75639,0.989130434782609,0.0,VISrl,True,first 40 quality-passing units by ascending unit_id within area
951105302,0.375736353636466,100,0.99,-0.1449785853734,0.300831346640655,0.219765494137353,270,9.97582087964478,2.64363229792015e-06,0.494472361809045,good,0.68676716917923,849871634,0.790795732429911,5.69308923374331,4.51292993950559,0.000314861460957179,89.2697052126947,0.000109831186068666,29.42,155.57,262,0.274706867671692,316.11294,1.0,0.00767662823710594,VISrl,True,first 40 quality-passing units by ascending unit_id within area
951105309,0.317807467275221,90,0.99,-0.108596370466126,0.170162083424986,0.247236180904523,271,3.94277737041524,0.000899368026848478,0.590619765494137,good,0.529791816223977,849871634,0.512073868762474,4.20555547748518,3.12057595523136,0.000441861255565752,59.608357101075,0.00205914085707204,20.21,185.25,263,-0.549413735343383,205.04094,0.944732297063903,0.100741467196815,VISrl,True,first 40 quality-passing units by ascending unit_id within area
