"area","component","k","interval_left","interval_right","mass","eigenvalue"
"shared","shared",1,0,0.005,0.00284945509913259,26570.6000997708
"shared","shared",1,0.005,0.01,0.00175441361874699,26570.6000997708
"shared","shared",1,0.01,0.015,0.0024855709401023,26570.6000997708
"shared","shared",1,0.015,0.02,0.00290313389530543,26570.6000997708
"shared","shared",1,0.02,0.025,0.00150543913862716,26570.6000997708
"shared","shared",1,0.025,0.03,0.00346812737754562,26570.6000997708
"shared","shared",1,0.03,0.035,0.00219990550772592,26570.6000997708
"shared","shared",1,0.035,0.04,0.0029463436080594,26570.6000997708
"shared","shared",1,0.04,0.045,0.00306745045542916,26570.6000997708
"shared","shared",1,0.045,0.05,0.00281667083160791,26570.6000997708
"shared","shared",1,0.05,0.055,0.00112936807590405,26570.6000997708
"shared","shared",1,0.055,0.06,0.00207329258303258,26570.6000997708
"shared","shared",1,0.06,0.065,0.00342873222758449,26570.6000997708
"shared","shared",1,0.065,0.07,0.00393317302370556,26570.6000997708
"shared","shared",1,0.07,0.075,0.00372811761962323,26570.6000997708
"shared","shared",1,0.075,0.08,0.00360582154065357,26570.6000997708
"shared","shared",1,0.08,0.085,0.00440013223797126,26570.6000997708
"shared","shared",1,0.085,0.09,0.00511851645946453,26570.6000997708
"shared","shared",1,0.09,0.095,0.00317172038232808,26570.6000997708
"shared","shared",1,0.095,0.1,0.00520931841016811,26570.6000997708
"shared","shared",1,0.1,0.105,0.00317606573118367,26570.6000997708
"shared","shared",1,0.105,0.11,0.00266156119468433,26570.6000997708
"shared","shared",1,0.11,0.115,0.00583420622390692,26570.6000997708
"shared","shared",1,0.115,0.12,0.00482961917779785,26570.6000997708
"shared","shared",1,0.12,0.125,0.00462610632208658,26570.6000997708
"shared","shared",1,0.125,0.13,0.00241868850095145,26570.6000997708
"shared","shared",1,0.13,0.135,0.00201468245688158,26570.6000997708
"shared","shared",1,0.135,0.14,0.00478131599726724,26570.6000997708
"shared","shared",1,0.14,0.145,0.00296473650383609,26570.6000997708
"shared","shared",1,0.145,0.15,0.00389558460982475,26570.6000997708
"shared","shared",1,0.15,0.155,0.00521532227182518,26570.6000997708
"shared","shared",1,0.155,0.16,0.00609382407446321,26570.6000997708
"shared","shared",1,0.16,0.165,0.00516015892154473,26570.6000997708
"shared","shared",1,0.165,0.17,0.00486550454646084,26570.6000997708
"shared","shared",1,0.17,0.175,0.00559632120164506,26570.6000997708
"shared","shared",1,0.175,0.18,0.0060514202677722,26570.6000997708
"shared","shared",1,0.18,0.185,0.00705070489424894,26570.6000997708
"shared","shared",1,0.185,0.19,0.00600873152098277,26570.6000997708
"shared","shared",1,0.19,0.195,0.00516203902904278,26570.6000997708
"shared","shared",1,0.195,0.2,0.00633948151252603,26570.6000997708
"shared","shared",1,0.2,0.205,0.00624215413106477,26570.6000997708
"shared","shared",1,0.205,0.21,0.00523963736918651,26570.6000997708
"shared","shared",1,0.21,0.215,0.00580672908523303,26570.6000997708
"shared","shared",1,0.215,0.22,0.00656474707704902,26570.6000997708
"shared","shared",1,0.22,0.225,0.00614611618357469,26570.6000997708
"shared","shared",1,0.225,0.23,0.0054094015177891,26570.6000997708
"shared","shared",1,0.23,0.235,0.00497092258822451,26570.6000997708
"shared","shared",1,0.235,0.24,0.00592335907935085,26570.6000997708
"shared","shared",1,0.24,0.245,0.00413263193460753,26570.6000997708
"shared","shared",1,0.245,0.25,0.00458783991754083,26570.6000997708
"shared","shared",1,0.25,0.255,0.00411120350536878,26570.6000997708
"shared","shared",1,0.255,0.26,0.00320285755064059,26570.6000997708
"shared","shared",1,0.26,0.265,0.00451795829278023,26570.6000997708
"shared","shared",1,0.265,0.27,0.00525219733126037,26570.6000997708
"shared","shared",1,0.27,0.275,0.00302965522913912,26570.6000997708
"shared","shared",1,0.275,0.28,0.00295684194649903,26570.6000997708
"shared","shared",1,0.28,0.285,0.00435754903014496,26570.6000997708
"shared","shared",1,0.285,0.29,0.00483357118559163,26570.6000997708
"shared","shared",1,0.29,0.295,0.00375175381523946,26570.6000997708
"shared","shared",1,0.295,0.3,0.00464045022176857,26570.6000997708
"shared","shared",1,0.3,0.305,0.00331579654634823,26570.6000997708
"shared","shared",1,0.305,0.31,0.003399644510927,26570.6000997708
"shared","shared",1,0.31,0.315,0.00536155660546817,26570.6000997708
"shared","shared",1,0.315,0.32,0.00364134544708844,26570.6000997708
"shared","shared",1,0.32,0.325,0.00372055307810104,26570.6000997708
"shared","shared",1,0.325,0.33,0.00359386480552981,26570.6000997708
"shared","shared",1,0.33,0.335,0.00450649524743124,26570.6000997708
"shared","shared",1,0.335,0.34,0.00275267986104188,26570.6000997708
"shared","shared",1,0.34,0.345,0.00263070026215279,26570.6000997708
"shared","shared",1,0.345,0.35,0.0046226891726322,26570.6000997708
"shared","shared",1,0.35,0.355,0.00544535943877972,26570.6000997708
"shared","shared",1,0.355,0.36,0.00377898058599596,26570.6000997708
"shared","shared",1,0.36,0.365,0.00410449318672784,26570.6000997708
"shared","shared",1,0.365,0.37,0.00471124567920606,26570.6000997708
"shared","shared",1,0.37,0.375,0.00439115928463096,26570.6000997708
"shared","shared",1,0.375,0.38,0.00323252978606886,26570.6000997708
"shared","shared",1,0.38,0.385,0.00302104358052274,26570.6000997708
"shared","shared",1,0.385,0.39,0.00318547285310217,26570.6000997708
"shared","shared",1,0.39,0.395,0.00465377701638203,26570.6000997708
"shared","shared",1,0.395,0.4,0.0045568945831192,26570.6000997708
"shared","shared",1,0.4,0.405,0.00274529899231218,26570.6000997708
"shared","shared",1,0.405,0.41,0.00376690408956509,26570.6000997708
"shared","shared",1,0.41,0.415,0.00338721589911822,26570.6000997708
"shared","shared",1,0.415,0.42,0.00157395389198817,26570.6000997708
"shared","shared",1,0.42,0.425,0.0037414194036291,26570.6000997708
"shared","shared",1,0.425,0.43,0.00289199023984565,26570.6000997708
"shared","shared",1,0.43,0.435,0.00124483518363555,26570.6000997708
"shared","shared",1,0.435,0.44,0.00351328903084291,26570.6000997708
"shared","shared",1,0.44,0.445,0.00311648317304164,26570.6000997708
"shared","shared",1,0.445,0.45,0.000953266683353604,26570.6000997708
"shared","shared",1,0.45,0.455,0.00466040441326154,26570.6000997708
"shared","shared",1,0.455,0.46,0.00448725397520122,26570.6000997708
"shared","shared",1,0.46,0.465,0.00181569236079193,26570.6000997708
"shared","shared",1,0.465,0.47,0.00365523328246598,26570.6000997708
"shared","shared",1,0.47,0.475,0.00195155038721107,26570.6000997708
"shared","shared",1,0.475,0.48,0.00220622719426028,26570.6000997708
"shared","shared",1,0.48,0.485,0.00378240189571366,26570.6000997708
"shared","shared",1,0.485,0.49,0.0025339963272572,26570.6000997708
"shared","shared",1,0.49,0.495,0.0028824641695831,26570.6000997708
"shared","shared",1,0.495,0.5,0.00214347411705151,26570.6000997708
"shared","shared",1,0.5,0.505,0.00334041666742912,26570.6000997708
"shared","shared",1,0.505,0.51,0.00130351067140133,26570.6000997708
"shared","shared",1,0.51,0.515,0.00285913506057872,26570.6000997708
"shared","shared",1,0.515,0.52,0.00293738674817989,26570.6000997708
"shared","shared",1,0.52,0.525,0.000677185207718423,26570.6000997708
"shared","shared",1,0.525,0.53,0.00304028688671326,26570.6000997708
"shared","shared",1,0.53,0.535,0.000454737088351753,26570.6000997708
"shared","shared",1,0.535,0.54,0.00362031548236907,26570.6000997708
"shared","shared",1,0.54,0.545,0.00133296142785139,26570.6000997708
"shared","shared",1,0.545,0.55,0.00375365449262965,26570.6000997708
"shared","shared",1,0.55,0.555,0.00291756881178967,26570.6000997708
"shared","shared",1,0.555,0.56,0.00266313336242602,26570.6000997708
"shared","shared",1,0.56,0.565,0.00363457375752607,26570.6000997708
"shared","shared",1,0.565,0.57,0.00227449780678501,26570.6000997708
"shared","shared",1,0.57,0.575,0.0028786024833059,26570.6000997708
"shared","shared",1,0.575,0.58,0.00242610953955202,26570.6000997708
"shared","shared",1,0.58,0.585,0.00397442941176457,26570.6000997708
"shared","shared",1,0.585,0.59,0.00350719687231044,26570.6000997708
"shared","shared",1,0.59,0.595,0.00219896048291734,26570.6000997708
"shared","shared",1,0.595,0.6,0.00164147133841441,26570.6000997708
"shared","shared",1,0.6,0.605,0.00298798738882766,26570.6000997708
"shared","shared",1,0.605,0.61,0.00197780620975208,26570.6000997708
"shared","shared",1,0.61,0.615,0.00287824502175416,26570.6000997708
"shared","shared",1,0.615,0.62,0.000964519681321052,26570.6000997708
"shared","shared",1,0.62,0.625,0.00304460562522846,26570.6000997708
"shared","shared",1,0.625,0.63,0.00143906296648305,26570.6000997708
"shared","shared",1,0.63,0.635,0.00196904957216493,26570.6000997708
"shared","shared",1,0.635,0.64,0.00217390389533134,26570.6000997708
"shared","shared",1,0.64,0.645,0.00164095267636849,26570.6000997708
"shared","shared",1,0.645,0.65,0.00198800067803589,26570.6000997708
"shared","shared",1,0.65,0.655,0.00267211145095458,26570.6000997708
"shared","shared",1,0.655,0.66,0.00273179074102825,26570.6000997708
"shared","shared",1,0.66,0.665,0.00313477616018337,26570.6000997708
"shared","shared",1,0.665,0.67,0.000507268708857755,26570.6000997708
"shared","shared",1,0.67,0.675,0.00310696114477044,26570.6000997708
"shared","shared",1,0.675,0.68,0.000472357840410664,26570.6000997708
"shared","shared",1,0.68,0.685,0.00256015063228771,26570.6000997708
"shared","shared",1,0.685,0.69,0.00136404594806994,26570.6000997708
"shared","shared",1,0.69,0.695,0.00182895144298095,26570.6000997708
"shared","shared",1,0.695,0.7,0.00241868025044184,26570.6000997708
"shared","shared",1,0.7,0.705,0.00133999367283599,26570.6000997708
"shared","shared",1,0.705,0.71,0.00382786985632283,26570.6000997708
"shared","shared",1,0.71,0.715,0.00326326245778097,26570.6000997708
"shared","shared",1,0.715,0.72,0.00227257571561135,26570.6000997708
"shared","shared",1,0.72,0.725,0.00288333132223439,26570.6000997708
"shared","shared",1,0.725,0.73,0.00281598066200756,26570.6000997708
"shared","shared",1,0.73,0.735,0.00365679294011639,26570.6000997708
"shared","shared",1,0.735,0.74,0.00188542790706447,26570.6000997708
"shared","shared",1,0.74,0.745,0.0026397232977915,26570.6000997708
"shared","shared",1,0.745,0.75,0.00341820119871716,26570.6000997708
"shared","shared",1,0.75,0.755,0.00280208268109472,26570.6000997708
"shared","shared",1,0.755,0.76,0.00270251049377557,26570.6000997708
"shared","shared",1,0.76,0.765,0.00463190089340382,26570.6000997708
"shared","shared",1,0.765,0.77,0.00399742334717357,26570.6000997708
"shared","shared",1,0.77,0.775,0.00330929883322162,26570.6000997708
"shared","shared",1,0.775,0.78,0.00499872944928359,26570.6000997708
"shared","shared",1,0.78,0.785,0.00339948739252804,26570.6000997708
"shared","shared",1,0.785,0.79,0.00306521913635638,26570.6000997708
"shared","shared",1,0.79,0.795,0.0039944560705687,26570.6000997708
"shared","shared",1,0.795,0.8,0.00231143810351975,26570.6000997708
"shared","shared",1,0.8,0.805,0.00199961406843574,26570.6000997708
"shared","shared",1,0.805,0.81,0.00337141304680744,26570.6000997708
"shared","shared",1,0.81,0.815,0.00331523549065071,26570.6000997708
"shared","shared",1,0.815,0.82,0.00181338518711871,26570.6000997708
"shared","shared",1,0.82,0.825,0.00272201981028697,26570.6000997708
"shared","shared",1,0.825,0.83,0.00345487709179026,26570.6000997708
"shared","shared",1,0.83,0.835,0.00438257970032585,26570.6000997708
"shared","shared",1,0.835,0.84,0.00253246076954028,26570.6000997708
"shared","shared",1,0.84,0.845,0.00198886687165056,26570.6000997708
"shared","shared",1,0.845,0.85,0.00175374638482229,26570.6000997708
"shared","shared",1,0.85,0.855,0.00234948156636994,26570.6000997708
"shared","shared",1,0.855,0.86,0.00369835211707292,26570.6000997708
"shared","shared",1,0.86,0.865,0.00338359327821902,26570.6000997708
"shared","shared",1,0.865,0.87,0.00428458956545619,26570.6000997708
"shared","shared",1,0.87,0.875,0.00412409248049406,26570.6000997708
"shared","shared",1,0.875,0.88,0.0029899164017716,26570.6000997708
"shared","shared",1,0.88,0.885,0.00350750788037757,26570.6000997708
"shared","shared",1,0.885,0.89,0.00296590464620561,26570.6000997708
"shared","shared",1,0.89,0.895,0.00252258902545921,26570.6000997708
"shared","shared",1,0.895,0.9,0.00378449595577479,26570.6000997708
"shared","shared",1,0.9,0.905,0.00311078771228601,26570.6000997708
"shared","shared",1,0.905,0.91,0.00396132843667174,26570.6000997708
"shared","shared",1,0.91,0.915,0.00142559496779759,26570.6000997708
"shared","shared",1,0.915,0.92,0.00195962754416357,26570.6000997708
"shared","shared",1,0.92,0.925,0.0021297284748415,26570.6000997708
"shared","shared",1,0.925,0.93,0.00100787112721967,26570.6000997708
"shared","shared",1,0.93,0.935,0.00290939177186467,26570.6000997708
"shared","shared",1,0.935,0.94,0.00210646682371141,26570.6000997708
"shared","shared",1,0.94,0.945,0.00124416296196905,26570.6000997708
"shared","shared",1,0.945,0.95,0.00285286699908627,26570.6000997708
"shared","shared",1,0.95,0.955,0.00250008028081039,26570.6000997708
"shared","shared",1,0.955,0.96,0.0026864758500299,26570.6000997708
"shared","shared",1,0.96,0.965,0.00479292893664018,26570.6000997708
"shared","shared",1,0.965,0.97,0.0022701355207615,26570.6000997708
"shared","shared",1,0.97,0.975,0.00183021399674033,26570.6000997708
"shared","shared",1,0.975,0.98,0.00217154159875488,26570.6000997708
"shared","shared",1,0.98,0.985,0.000951986562631291,26570.6000997708
"shared","shared",1,0.985,0.99,0.00285326244229644,26570.6000997708
"shared","shared",1,0.99,0.995,0.000974068075287438,26570.6000997708
"shared","shared",1,0.995,1,0.00372694493774062,26570.6000997708
"shared","shared",1,1,1.005,0.00178818123805369,26570.6000997708
"shared","shared",1,1.005,1.01,0.00273383665401028,26570.6000997708
"shared","shared",1,1.01,1.015,0.00181547572083829,26570.6000997708
"shared","shared",1,1.015,1.02,0.00333869435895717,26570.6000997708
"shared","shared",1,1.02,1.025,0.00277069213479142,26570.6000997708
"shared","shared",1,1.025,1.03,0.00283758724486216,26570.6000997708
"shared","shared",1,1.03,1.035,0.00313563170537612,26570.6000997708
"shared","shared",1,1.035,1.04,0.00168638663446663,26570.6000997708
"shared","shared",1,1.04,1.045,0.0033581801835556,26570.6000997708
"shared","shared",1,1.045,1.05,0.00218752944415979,26570.6000997708
"shared","shared",1,1.05,1.055,0.00197928907460154,26570.6000997708
"shared","shared",1,1.055,1.06,0.00204593708777789,26570.6000997708
"shared","shared",1,1.06,1.065,0.00227364667801089,26570.6000997708
"shared","shared",1,1.065,1.07,0.00233931478996607,26570.6000997708
"shared","shared",1,1.07,1.075,0.00171347342614236,26570.6000997708
"shared","shared",1,1.075,1.08,0.0030914512629755,26570.6000997708
"shared","shared",1,1.08,1.085,0.00155906015103013,26570.6000997708
"shared","shared",1,1.085,1.09,0.00236277275635233,26570.6000997708
"shared","shared",1,1.09,1.095,0.00244522130684477,26570.6000997708
"shared","shared",1,1.095,1.1,0.00288895130827427,26570.6000997708
"shared","shared",1,1.1,1.105,0.00232930885373395,26570.6000997708
"shared","shared",1,1.105,1.11,0.00187818688406283,26570.6000997708
"shared","shared",1,1.11,1.115,0.0021005271170339,26570.6000997708
"shared","shared",1,1.115,1.12,0.00177913571854171,26570.6000997708
"shared","shared",1,1.12,1.125,0.000400711736384451,26570.6000997708
"shared","shared",1,1.125,1.13,0.00353420948127858,26570.6000997708
"shared","shared",1,1.13,1.135,0.00295425353885814,26570.6000997708
"shared","shared",1,1.135,1.14,0.00103415527867912,26570.6000997708
"shared","shared",1,1.14,1.145,0.00107508987283689,26570.6000997708
"shared","shared",1,1.145,1.15,0.000960921426323313,26570.6000997708
"shared","shared",1,1.15,1.155,0.00209635738940628,26570.6000997708
"shared","shared",1,1.155,1.16,0.0014444810664046,26570.6000997708
"shared","shared",1,1.16,1.165,0.00148590351682087,26570.6000997708
"shared","shared",1,1.165,1.17,0.000660174012808601,26570.6000997708
"shared","shared",1,1.17,1.175,0.00367553088609474,26570.6000997708
"shared","shared",1,1.175,1.18,0.00138834315375036,26570.6000997708
"shared","shared",1,1.18,1.185,0.00113493711829937,26570.6000997708
"shared","shared",1,1.185,1.19,0.000210662229452652,26570.6000997708
"shared","shared",1,1.19,1.195,0.00237366567251918,26570.6000997708
"shared","shared",1,1.195,1.2,0.00229961390552669,26570.6000997708
"shared","shared",1,1.2,1.205,0.000837493338419315,26570.6000997708
"shared","shared",1,1.205,1.21,0.00331207756621921,26570.6000997708
"shared","shared",1,1.21,1.215,0.00210305577492098,26570.6000997708
"shared","shared",1,1.215,1.22,0.00301979674545083,26570.6000997708
"shared","shared",1,1.22,1.225,0.00268217956105965,26570.6000997708
"shared","shared",1,1.225,1.23,0.000733187610322261,26570.6000997708
"shared","shared",1,1.23,1.235,0.00194011741624178,26570.6000997708
"shared","shared",1,1.235,1.24,0.00382832220176088,26570.6000997708
"shared","shared",1,1.24,1.245,0.00322566884803632,26570.6000997708
"shared","shared",1,1.245,1.25,0.00384173226715645,26570.6000997708
"shared","shared",1,1.25,1.255,0.00216192480540256,26570.6000997708
"shared","shared",1,1.255,1.26,0.00129397203125881,26570.6000997708
"shared","shared",1,1.26,1.265,0.00307683452123286,26570.6000997708
"shared","shared",1,1.265,1.27,0.00340745777355744,26570.6000997708
"shared","shared",1,1.27,1.275,0.000993188943852141,26570.6000997708
"shared","shared",1,1.275,1.28,0.00362967786368251,26570.6000997708
"shared","shared",1,1.28,1.285,0.0038398458059995,26570.6000997708
"shared","shared",1,1.285,1.29,0.00193171835064421,26570.6000997708
"shared","shared",1,1.29,1.295,0.00214114514058961,26570.6000997708
"shared","shared",1,1.295,1.3,0.00385274113281753,26570.6000997708
"shared","shared",1,1.3,1.305,0.00334824922759569,26570.6000997708
"shared","shared",1,1.305,1.31,0.00284384918493452,26570.6000997708
"shared","shared",1,1.31,1.315,0.00229883222176408,26570.6000997708
"shared","shared",1,1.315,1.32,0.00366543130289065,26570.6000997708
"shared","shared",1,1.32,1.325,0.00296866120392081,26570.6000997708
"shared","shared",1,1.325,1.33,0.00222843210971535,26570.6000997708
"shared","shared",1,1.33,1.335,0.00375687227061172,26570.6000997708
"shared","shared",1,1.335,1.34,0.00261755523591523,26570.6000997708
"shared","shared",1,1.34,1.345,0.00284870970786877,26570.6000997708
"shared","shared",1,1.345,1.35,0.00369090150009799,26570.6000997708
"shared","shared",1,1.35,1.355,0.00292799197468785,26570.6000997708
"shared","shared",1,1.355,1.36,0.00344408085418491,26570.6000997708
"shared","shared",1,1.36,1.365,0.0028581760145856,26570.6000997708
"shared","shared",1,1.365,1.37,0.00331977598252886,26570.6000997708
"shared","shared",1,1.37,1.375,0.00358935516134196,26570.6000997708
"shared","shared",1,1.375,1.38,0.00519398843944274,26570.6000997708
"shared","shared",1,1.38,1.385,0.00399296672815419,26570.6000997708
"shared","shared",1,1.385,1.39,0.00408839414035911,26570.6000997708
"shared","shared",1,1.39,1.395,0.0045146907134318,26570.6000997708
"shared","shared",1,1.395,1.4,0.00483037802128539,26570.6000997708
"shared","shared",1,1.4,1.405,0.00343374010132058,26570.6000997708
"shared","shared",1,1.405,1.41,0.00398603521295937,26570.6000997708
"shared","shared",1,1.41,1.415,0.00283013602498661,26570.6000997708
"shared","shared",1,1.415,1.42,0.0025819818222913,26570.6000997708
"shared","shared",1,1.42,1.425,0.00309385507187909,26570.6000997708
"shared","shared",1,1.425,1.43,0.00384327407373808,26570.6000997708
"shared","shared",1,1.43,1.435,0.00296286307272131,26570.6000997708
"shared","shared",1,1.435,1.44,0.00328979196259849,26570.6000997708
"shared","shared",1,1.44,1.445,0.00317932454226633,26570.6000997708
"shared","shared",1,1.445,1.45,0.00411208078273384,26570.6000997708
"shared","shared",1,1.45,1.455,0.00253310626041903,26570.6000997708
"shared","shared",1,1.455,1.46,0.00092654312172491,26570.6000997708
"shared","shared",1,1.46,1.465,0.00262190662342754,26570.6000997708
"shared","shared",1,1.465,1.47,0.00303279968263015,26570.6000997708
"shared","shared",1,1.47,1.475,0.00311620293405435,26570.6000997708
"shared","shared",1,1.475,1.48,0.00367191889857554,26570.6000997708
"shared","shared",1,1.48,1.485,0.0032830367616159,26570.6000997708
"shared","shared",1,1.485,1.49,0.00151077894442431,26570.6000997708
"shared","shared",1,1.49,1.495,0.00391907565552829,26570.6000997708
"shared","shared",1,1.495,1.5,0.00168348482056979,26570.6000997708
"shared","shared",1,1.5,1.505,0.00302146830485006,26570.6000997708
"shared","shared",1,1.505,1.51,0.00219231573292811,26570.6000997708
"shared","shared",1,1.51,1.515,0.00306939272552365,26570.6000997708
"shared","shared",1,1.515,1.52,0.00460792762263507,26570.6000997708
"shared","shared",1,1.52,1.525,0.00318632542108943,26570.6000997708
"shared","shared",1,1.525,1.53,0.00358156200114368,26570.6000997708
"shared","shared",1,1.53,1.535,0.00419870697757074,26570.6000997708
"shared","shared",1,1.535,1.54,0.0029294329755345,26570.6000997708
"shared","shared",1,1.54,1.545,0.00284920977001091,26570.6000997708
"shared","shared",1,1.545,1.55,0.00265578595839955,26570.6000997708
"shared","shared",1,1.55,1.555,0.0018631512852918,26570.6000997708
"shared","shared",1,1.555,1.56,0.00405145943604379,26570.6000997708
"shared","shared",1,1.56,1.565,0.00314700542208501,26570.6000997708
"shared","shared",1,1.565,1.57,0.0034565270822039,26570.6000997708
"shared","shared",1,1.57,1.575,0.00257547875574393,26570.6000997708
"shared","shared",1,1.575,1.58,0.00417210768146847,26570.6000997708
"shared","shared",1,1.58,1.585,0.00212525644919836,26570.6000997708
"shared","shared",1,1.585,1.59,0.00328670112577423,26570.6000997708
"shared","shared",1,1.59,1.595,0.00298736158121871,26570.6000997708
"shared","shared",1,1.595,1.6,0.0024295672973057,26570.6000997708
"shared","shared",1,1.6,1.605,0.00163239028194118,26570.6000997708
"shared","shared",1,1.605,1.61,0.00320349835985234,26570.6000997708
"shared","shared",1,1.61,1.615,0.00220893816710421,26570.6000997708
"shared","shared",1,1.615,1.62,0.000951386146949895,26570.6000997708
"shared","shared",1,1.62,1.625,0.00181433609536352,26570.6000997708
"shared","shared",1,1.625,1.63,0.00185555091938228,26570.6000997708
"shared","shared",1,1.63,1.635,0.00101060311581969,26570.6000997708
"shared","shared",1,1.635,1.64,0.0014151242754824,26570.6000997708
"shared","shared",1,1.64,1.645,0.0032779729190846,26570.6000997708
"shared","shared",1,1.645,1.65,0.00194360288019446,26570.6000997708
"shared","shared",1,1.65,1.655,0.00132813929897757,26570.6000997708
"shared","shared",1,1.655,1.66,0.00199158736842464,26570.6000997708
"shared","shared",1,1.66,1.665,0.00123661702155053,26570.6000997708
"shared","shared",1,1.665,1.67,0.00270949513046181,26570.6000997708
"shared","shared",1,1.67,1.675,0.00161571588433329,26570.6000997708
"shared","shared",1,1.675,1.68,0.00134529433119757,26570.6000997708
"shared","shared",1,1.68,1.685,0.000781814591162888,26570.6000997708
"shared","shared",1,1.685,1.69,0.00303885523328584,26570.6000997708
"shared","shared",1,1.69,1.695,0.00189455271516814,26570.6000997708
"shared","shared",1,1.695,1.7,0.000349683645807231,26570.6000997708
"shared","shared",1,1.7,1.705,0.000818256430163977,26570.6000997708
"shared","shared",1,1.705,1.71,0.00280257121024974,26570.6000997708
"shared","shared",1,1.71,1.715,0.00222828030583311,26570.6000997708
"shared","shared",1,1.715,1.72,0.00152891519031106,26570.6000997708
"shared","shared",1,1.72,1.725,0.000187134634680008,26570.6000997708
"shared","shared",1,1.725,1.73,0.00220356242908148,26570.6000997708
"shared","shared",1,1.73,1.735,0.000685593958406505,26570.6000997708
"shared","shared",1,1.735,1.74,0.000723874857478046,26570.6000997708
"shared","shared",1,1.74,1.745,0.00056613534803529,26570.6000997708
"shared","shared",1,1.745,1.75,0.00131786677438961,26570.6000997708
"shared","shared",1,1.75,1.755,0.00141596308456293,26570.6000997708
"shared","shared",1,1.755,1.76,0.00158915839954998,26570.6000997708
"shared","shared",1,1.76,1.765,0.00234401013216967,26570.6000997708
"shared","shared",1,1.765,1.77,0.00316967901962895,26570.6000997708
"shared","shared",1,1.77,1.775,0.00217284904079507,26570.6000997708
"shared","shared",1,1.775,1.78,0.00291972195877821,26570.6000997708
"shared","shared",1,1.78,1.785,0.000581369806549548,26570.6000997708
"shared","shared",1,1.785,1.79,0.00307437369263641,26570.6000997708
"shared","shared",1,1.79,1.795,0.00184790549174374,26570.6000997708
"shared","shared",1,1.795,1.8,0.00162440128043073,26570.6000997708
"shared","shared",1,1.8,1.805,0.00245317177662341,26570.6000997708
"shared","shared",1,1.805,1.81,0.00278100435671336,26570.6000997708
"shared","shared",1,1.81,1.815,0.00112523831208056,26570.6000997708
"shared","shared",1,1.815,1.82,0.00359976755300284,26570.6000997708
"shared","shared",1,1.82,1.825,0.00254587204711165,26570.6000997708
"shared","shared",1,1.825,1.83,0.00258511460607425,26570.6000997708
"shared","shared",1,1.83,1.835,0.00353250481664302,26570.6000997708
"shared","shared",1,1.835,1.84,0.00243192509578183,26570.6000997708
"shared","shared",1,1.84,1.845,0.00234177205042285,26570.6000997708
"shared","shared",1,1.845,1.85,0.00257046684230033,26570.6000997708
"shared","shared",1,1.85,1.855,0.00289567736039253,26570.6000997708
"shared","shared",1,1.855,1.86,0.00198215581331529,26570.6000997708
"shared","shared",1,1.86,1.865,0.00484146453048551,26570.6000997708
"shared","shared",1,1.865,1.87,0.00342399058841369,26570.6000997708
"shared","shared",1,1.87,1.875,0.00253014683693298,26570.6000997708
"shared","shared",1,1.875,1.88,0.00226617970262644,26570.6000997708
"shared","shared",1,1.88,1.885,0.000991258660899774,26570.6000997708
"shared","shared",1,1.885,1.89,0.000843990510340564,26570.6000997708
"shared","shared",1,1.89,1.895,0.00054197987849669,26570.6000997708
"shared","shared",1,1.895,1.9,0.00299691849210948,26570.6000997708
"shared","shared",1,1.9,1.905,0.0023447981071969,26570.6000997708
"shared","shared",1,1.905,1.91,0.0010098079564107,26570.6000997708
"shared","shared",1,1.91,1.915,0.00151762230573937,26570.6000997708
"shared","shared",1,1.915,1.92,0.00282924652292071,26570.6000997708
"shared","shared",1,1.92,1.925,0.000981312296405079,26570.6000997708
"shared","shared",1,1.925,1.93,0.000209018875454436,26570.6000997708
"shared","shared",1,1.93,1.935,0.00163705674048154,26570.6000997708
"shared","shared",1,1.935,1.94,0.000839038764231859,26570.6000997708
"shared","shared",1,1.94,1.945,0.000388247830502841,26570.6000997708
"shared","shared",1,1.945,1.95,0.00253653128717479,26570.6000997708
"shared","shared",1,1.95,1.955,0.000842245346729165,26570.6000997708
"shared","shared",1,1.955,1.96,0.000608345002609756,26570.6000997708
"shared","shared",1,1.96,1.965,0.000964013362444893,26570.6000997708
"shared","shared",1,1.965,1.97,0.000501890507693448,26570.6000997708
"shared","shared",1,1.97,1.975,0.000160818117995953,26570.6000997708
"shared","shared",1,1.975,1.98,0.000130104372941586,26570.6000997708
"shared","shared",1,1.98,1.985,0.000832397149072239,26570.6000997708
"shared","shared",1,1.985,1.99,0.000388422994344717,26570.6000997708
"shared","shared",1,1.99,1.995,0.000512149150558638,26570.6000997708
"shared","shared",1,1.995,2,0.00259870607209334,26570.6000997708
"shared","shared",2,0,0.005,0.00680509816930285,1352.68166087979
"shared","shared",2,0.005,0.01,0.017816971640964,1352.68166087979
"shared","shared",2,0.01,0.015,0.0184980090671665,1352.68166087979
"shared","shared",2,0.015,0.02,0.00955185295996572,1352.68166087979
"shared","shared",2,0.02,0.025,0.0144383595826147,1352.68166087979
"shared","shared",2,0.025,0.03,0.0112809021834513,1352.68166087979
"shared","shared",2,0.03,0.035,0.012382057077354,1352.68166087979
"shared","shared",2,0.035,0.04,0.0154246143423124,1352.68166087979
"shared","shared",2,0.04,0.045,0.0175658197183519,1352.68166087979
"shared","shared",2,0.045,0.05,0.015385370504046,1352.68166087979
"shared","shared",2,0.05,0.055,0.0227988749973199,1352.68166087979
"shared","shared",2,0.055,0.06,0.0118899209209739,1352.68166087979
"shared","shared",2,0.06,0.065,0.0138834686856482,1352.68166087979
"shared","shared",2,0.065,0.07,0.00817411298027718,1352.68166087979
"shared","shared",2,0.07,0.075,0.00868942384935784,1352.68166087979
"shared","shared",2,0.075,0.08,0.0146001037015803,1352.68166087979
"shared","shared",2,0.08,0.085,0.0127543941603334,1352.68166087979
"shared","shared",2,0.085,0.09,0.0157848899289035,1352.68166087979
"shared","shared",2,0.09,0.095,0.0152294655770793,1352.68166087979
"shared","shared",2,0.095,0.1,0.0200846177958713,1352.68166087979
"shared","shared",2,0.1,0.105,0.017064677399997,1352.68166087979
"shared","shared",2,0.105,0.11,0.0139063627677017,1352.68166087979
"shared","shared",2,0.11,0.115,0.0241702009260842,1352.68166087979
"shared","shared",2,0.115,0.12,0.016273588201129,1352.68166087979
"shared","shared",2,0.12,0.125,0.0133984803976959,1352.68166087979
"shared","shared",2,0.125,0.13,0.0131219792498093,1352.68166087979
"shared","shared",2,0.13,0.135,0.0235961619808129,1352.68166087979
"shared","shared",2,0.135,0.14,0.0207528571698907,1352.68166087979
"shared","shared",2,0.14,0.145,0.0140254199007158,1352.68166087979
"shared","shared",2,0.145,0.15,0.0160995661694683,1352.68166087979
"shared","shared",2,0.15,0.155,0.0159105650130258,1352.68166087979
"shared","shared",2,0.155,0.16,0.0156668119507325,1352.68166087979
"shared","shared",2,0.16,0.165,0.0182170397746062,1352.68166087979
"shared","shared",2,0.165,0.17,0.017825664440911,1352.68166087979
"shared","shared",2,0.17,0.175,0.0170919773358001,1352.68166087979
"shared","shared",2,0.175,0.18,0.0204361903318869,1352.68166087979
"shared","shared",2,0.18,0.185,0.0180936319693794,1352.68166087979
"shared","shared",2,0.185,0.19,0.0163764187387214,1352.68166087979
"shared","shared",2,0.19,0.195,0.0215829054008024,1352.68166087979
"shared","shared",2,0.195,0.2,0.0180526766810027,1352.68166087979
"shared","shared",2,0.2,0.205,0.0189822000011717,1352.68166087979
"shared","shared",2,0.205,0.21,0.0266431933839016,1352.68166087979
"shared","shared",2,0.21,0.215,0.0165966649627894,1352.68166087979
"shared","shared",2,0.215,0.22,0.0226571767936272,1352.68166087979
"shared","shared",2,0.22,0.225,0.019743065352548,1352.68166087979
"shared","shared",2,0.225,0.23,0.0159853994068959,1352.68166087979
"shared","shared",2,0.23,0.235,0.0194198269468689,1352.68166087979
"shared","shared",2,0.235,0.24,0.00933783414165379,1352.68166087979
"shared","shared",2,0.24,0.245,0.0164402198055489,1352.68166087979
"shared","shared",2,0.245,0.25,0.019084343540422,1352.68166087979
"shared","shared",2,0.25,0.255,0.00893529883647337,1352.68166087979
"shared","shared",2,0.255,0.26,0.00528172059814047,1352.68166087979
"shared","shared",2,0.26,0.265,0.0131412616040392,1352.68166087979
"shared","shared",2,0.265,0.27,0.0119266659865034,1352.68166087979
"shared","shared",2,0.27,0.275,0.00842392647503454,1352.68166087979
"shared","shared",2,0.275,0.28,0.0107538210001608,1352.68166087979
"shared","shared",2,0.28,0.285,0.00321280944514946,1352.68166087979
"shared","shared",2,0.285,0.29,-0.00120164225613295,1352.68166087979
"shared","shared",2,0.29,0.295,0.00518450629889455,1352.68166087979
"shared","shared",2,0.295,0.3,0.00464267624502235,1352.68166087979
"shared","shared",2,0.3,0.305,0.00238808537227009,1352.68166087979
"shared","shared",2,0.305,0.31,0.0061051699662098,1352.68166087979
"shared","shared",2,0.31,0.315,-0.00308614004934726,1352.68166087979
"shared","shared",2,0.315,0.32,0.00253236219386477,1352.68166087979
"shared","shared",2,0.32,0.325,0.0054505939067333,1352.68166087979
"shared","shared",2,0.325,0.33,0.00678999541815739,1352.68166087979
"shared","shared",2,0.33,0.335,0.00786947624690537,1352.68166087979
"shared","shared",2,0.335,0.34,0.00491875961860211,1352.68166087979
"shared","shared",2,0.34,0.345,0.00554499110142603,1352.68166087979
"shared","shared",2,0.345,0.35,0.003484621295753,1352.68166087979
"shared","shared",2,0.35,0.355,0.00080026541463063,1352.68166087979
"shared","shared",2,0.355,0.36,0.00273134264164909,1352.68166087979
"shared","shared",2,0.36,0.365,-0.000189505199758799,1352.68166087979
"shared","shared",2,0.365,0.37,0.00784175968122869,1352.68166087979
"shared","shared",2,0.37,0.375,0.00984596034035756,1352.68166087979
"shared","shared",2,0.375,0.38,0.00425813100979555,1352.68166087979
"shared","shared",2,0.38,0.385,0.00655649495593935,1352.68166087979
"shared","shared",2,0.385,0.39,0.0109249690917168,1352.68166087979
"shared","shared",2,0.39,0.395,0.00719264520138652,1352.68166087979
"shared","shared",2,0.395,0.4,0.000341908218765452,1352.68166087979
"shared","shared",2,0.4,0.405,0.00699031182846199,1352.68166087979
"shared","shared",2,0.405,0.41,0.00790181499363007,1352.68166087979
"shared","shared",2,0.41,0.415,0.000945510548840178,1352.68166087979
"shared","shared",2,0.415,0.42,0.00742899554095511,1352.68166087979
"shared","shared",2,0.42,0.425,0.00194257432420075,1352.68166087979
"shared","shared",2,0.425,0.43,0.00608652658775211,1352.68166087979
"shared","shared",2,0.43,0.435,0.00904260966148285,1352.68166087979
"shared","shared",2,0.435,0.44,0.0010195302094218,1352.68166087979
"shared","shared",2,0.44,0.445,0.00445145413409453,1352.68166087979
"shared","shared",2,0.445,0.45,0.0037164589187455,1352.68166087979
"shared","shared",2,0.45,0.455,0.00269314107165552,1352.68166087979
"shared","shared",2,0.455,0.46,0.00437965800183893,1352.68166087979
"shared","shared",2,0.46,0.465,0.00154937813798561,1352.68166087979
"shared","shared",2,0.465,0.47,6.79513136203624e-07,1352.68166087979
"shared","shared",2,0.47,0.475,-0.00383584402900405,1352.68166087979
"shared","shared",2,0.475,0.48,0.000201157933422902,1352.68166087979
"shared","shared",2,0.48,0.485,0.00249069026021531,1352.68166087979
"shared","shared",2,0.485,0.49,3.64410817899063e-05,1352.68166087979
"shared","shared",2,0.49,0.495,0.00135503977755724,1352.68166087979
"shared","shared",2,0.495,0.5,-0.00400240586939904,1352.68166087979
"shared","shared",2,0.5,0.505,0.000646983819322822,1352.68166087979
"shared","shared",2,0.505,0.51,-0.00443103015643542,1352.68166087979
"shared","shared",2,0.51,0.515,0.0040094864226532,1352.68166087979
"shared","shared",2,0.515,0.52,0.00062411872423529,1352.68166087979
"shared","shared",2,0.52,0.525,-0.00424546573780837,1352.68166087979
"shared","shared",2,0.525,0.53,-0.00410823926882675,1352.68166087979
"shared","shared",2,0.53,0.535,-0.00143598428672642,1352.68166087979
"shared","shared",2,0.535,0.54,0.00152760229516047,1352.68166087979
"shared","shared",2,0.54,0.545,0.00972013592419652,1352.68166087979
"shared","shared",2,0.545,0.55,-0.0013876758390643,1352.68166087979
"shared","shared",2,0.55,0.555,0.00554044417780353,1352.68166087979
"shared","shared",2,0.555,0.56,0.00653926191760101,1352.68166087979
"shared","shared",2,0.56,0.565,-0.00228574668125181,1352.68166087979
"shared","shared",2,0.565,0.57,0.000125153881562756,1352.68166087979
"shared","shared",2,0.57,0.575,0.00731250211852874,1352.68166087979
"shared","shared",2,0.575,0.58,0.0060740207786012,1352.68166087979
"shared","shared",2,0.58,0.585,0.00762843848297678,1352.68166087979
"shared","shared",2,0.585,0.59,0.00827028496702198,1352.68166087979
"shared","shared",2,0.59,0.595,0.00450271000727853,1352.68166087979
"shared","shared",2,0.595,0.6,0.000260315148741919,1352.68166087979
"shared","shared",2,0.6,0.605,-0.00434096596986833,1352.68166087979
"shared","shared",2,0.605,0.61,0.00381392913406753,1352.68166087979
"shared","shared",2,0.61,0.615,0.00923667558601426,1352.68166087979
"shared","shared",2,0.615,0.62,0.00333169675507161,1352.68166087979
"shared","shared",2,0.62,0.625,0.00122604603774623,1352.68166087979
"shared","shared",2,0.625,0.63,-0.000164068542782392,1352.68166087979
"shared","shared",2,0.63,0.635,0.000738759408229095,1352.68166087979
"shared","shared",2,0.635,0.64,-0.0039642395781454,1352.68166087979
"shared","shared",2,0.64,0.645,0.000780687226060506,1352.68166087979
"shared","shared",2,0.645,0.65,-0.00210377559520181,1352.68166087979
"shared","shared",2,0.65,0.655,0.0037596667846469,1352.68166087979
"shared","shared",2,0.655,0.66,0.000710919420095824,1352.68166087979
"shared","shared",2,0.66,0.665,-0.00230884916223206,1352.68166087979
"shared","shared",2,0.665,0.67,0.00814132392481115,1352.68166087979
"shared","shared",2,0.67,0.675,-0.00238536508404308,1352.68166087979
"shared","shared",2,0.675,0.68,0.00631563526916512,1352.68166087979
"shared","shared",2,0.68,0.685,-0.00242318919430073,1352.68166087979
"shared","shared",2,0.685,0.69,-0.00385837182873661,1352.68166087979
"shared","shared",2,0.69,0.695,-0.00220058600436968,1352.68166087979
"shared","shared",2,0.695,0.7,0.000346059948895361,1352.68166087979
"shared","shared",2,0.7,0.705,-0.00408504421901101,1352.68166087979
"shared","shared",2,0.705,0.71,-0.00293205329922674,1352.68166087979
"shared","shared",2,0.71,0.715,-0.00105365899576615,1352.68166087979
"shared","shared",2,0.715,0.72,-0.00685910245529997,1352.68166087979
"shared","shared",2,0.72,0.725,-0.0105563353717908,1352.68166087979
"shared","shared",2,0.725,0.73,-0.00829310009592943,1352.68166087979
"shared","shared",2,0.73,0.735,0.000221734788915295,1352.68166087979
"shared","shared",2,0.735,0.74,-0.00153971312317358,1352.68166087979
"shared","shared",2,0.74,0.745,-0.00648218434693759,1352.68166087979
"shared","shared",2,0.745,0.75,-0.00708886243032847,1352.68166087979
"shared","shared",2,0.75,0.755,-0.01009996132794,1352.68166087979
"shared","shared",2,0.755,0.76,-0.00878158372768034,1352.68166087979
"shared","shared",2,0.76,0.765,-0.00528136696825943,1352.68166087979
"shared","shared",2,0.765,0.77,-0.00658120853474942,1352.68166087979
"shared","shared",2,0.77,0.775,-0.000936285718020402,1352.68166087979
"shared","shared",2,0.775,0.78,-0.0134831404953197,1352.68166087979
"shared","shared",2,0.78,0.785,-0.0136626580206521,1352.68166087979
"shared","shared",2,0.785,0.79,-0.00771524936446377,1352.68166087979
"shared","shared",2,0.79,0.795,-0.0086178180330575,1352.68166087979
"shared","shared",2,0.795,0.8,-0.00630323741903782,1352.68166087979
"shared","shared",2,0.8,0.805,-0.000491503718918374,1352.68166087979
"shared","shared",2,0.805,0.81,-0.0201456312499105,1352.68166087979
"shared","shared",2,0.81,0.815,-0.0143285104379385,1352.68166087979
"shared","shared",2,0.815,0.82,-0.00791039603793831,1352.68166087979
"shared","shared",2,0.82,0.825,-0.00936209164573176,1352.68166087979
"shared","shared",2,0.825,0.83,-0.0215493498355055,1352.68166087979
"shared","shared",2,0.83,0.835,-0.0196081049118024,1352.68166087979
"shared","shared",2,0.835,0.84,-0.0151885479220034,1352.68166087979
"shared","shared",2,0.84,0.845,-0.0239300678307613,1352.68166087979
"shared","shared",2,0.845,0.85,-0.0163206791984213,1352.68166087979
"shared","shared",2,0.85,0.855,-0.00613564459775995,1352.68166087979
"shared","shared",2,0.855,0.86,-0.0178338027763217,1352.68166087979
"shared","shared",2,0.86,0.865,-0.00714781446107948,1352.68166087979
"shared","shared",2,0.865,0.87,-0.00762917353617321,1352.68166087979
"shared","shared",2,0.87,0.875,-0.0106423077943091,1352.68166087979
"shared","shared",2,0.875,0.88,-0.00477098666663023,1352.68166087979
"shared","shared",2,0.88,0.885,-0.00499657742157955,1352.68166087979
"shared","shared",2,0.885,0.89,-0.0101853512232676,1352.68166087979
"shared","shared",2,0.89,0.895,-0.007202016178117,1352.68166087979
"shared","shared",2,0.895,0.9,-0.0103397529355755,1352.68166087979
"shared","shared",2,0.9,0.905,-0.0100078103065642,1352.68166087979
"shared","shared",2,0.905,0.91,-0.00427461746487157,1352.68166087979
"shared","shared",2,0.91,0.915,-0.00479913047361669,1352.68166087979
"shared","shared",2,0.915,0.92,-0.0073882867434214,1352.68166087979
"shared","shared",2,0.92,0.925,-0.0121559860257587,1352.68166087979
"shared","shared",2,0.925,0.93,-0.0117170349990785,1352.68166087979
"shared","shared",2,0.93,0.935,-0.00416194987842722,1352.68166087979
"shared","shared",2,0.935,0.94,-0.00268062900057064,1352.68166087979
"shared","shared",2,0.94,0.945,-0.00318604876227635,1352.68166087979
"shared","shared",2,0.945,0.95,-0.00743047812784048,1352.68166087979
"shared","shared",2,0.95,0.955,-0.00167941886576073,1352.68166087979
"shared","shared",2,0.955,0.96,-0.00538315685852331,1352.68166087979
"shared","shared",2,0.96,0.965,-0.00149150045656665,1352.68166087979
"shared","shared",2,0.965,0.97,-0.00638537541648598,1352.68166087979
"shared","shared",2,0.97,0.975,-0.00576088815306697,1352.68166087979
"shared","shared",2,0.975,0.98,-0.00699214783002911,1352.68166087979
"shared","shared",2,0.98,0.985,-0.00680572514914946,1352.68166087979
"shared","shared",2,0.985,0.99,-0.0055615418134547,1352.68166087979
"shared","shared",2,0.99,0.995,-0.00307987389176545,1352.68166087979
"shared","shared",2,0.995,1,-0.00276093340171923,1352.68166087979
"shared","shared",2,1,1.005,-0.00843316775421987,1352.68166087979
"shared","shared",2,1.005,1.01,-0.00882518098040785,1352.68166087979
"shared","shared",2,1.01,1.015,-0.00880839880411044,1352.68166087979
"shared","shared",2,1.015,1.02,-0.013319743386388,1352.68166087979
"shared","shared",2,1.02,1.025,-0.014308847887177,1352.68166087979
"shared","shared",2,1.025,1.03,-0.0128524569559744,1352.68166087979
"shared","shared",2,1.03,1.035,-0.0141931394297985,1352.68166087979
"shared","shared",2,1.035,1.04,-0.0128916765790279,1352.68166087979
"shared","shared",2,1.04,1.045,-0.0183384522711787,1352.68166087979
"shared","shared",2,1.045,1.05,-0.0121743885588462,1352.68166087979
"shared","shared",2,1.05,1.055,-0.0166574033751103,1352.68166087979
"shared","shared",2,1.055,1.06,-0.0113624477570299,1352.68166087979
"shared","shared",2,1.06,1.065,-0.0144835302560842,1352.68166087979
"shared","shared",2,1.065,1.07,-0.012860046103434,1352.68166087979
"shared","shared",2,1.07,1.075,-0.0108267097715912,1352.68166087979
"shared","shared",2,1.075,1.08,-0.013655776503607,1352.68166087979
"shared","shared",2,1.08,1.085,-0.0057133272393371,1352.68166087979
"shared","shared",2,1.085,1.09,-0.0199209443935485,1352.68166087979
"shared","shared",2,1.09,1.095,-0.0130555801422141,1352.68166087979
"shared","shared",2,1.095,1.1,-0.011461525446839,1352.68166087979
"shared","shared",2,1.1,1.105,-0.00866907680647899,1352.68166087979
"shared","shared",2,1.105,1.11,-0.0043023111137887,1352.68166087979
"shared","shared",2,1.11,1.115,-0.00986589575294988,1352.68166087979
"shared","shared",2,1.115,1.12,-0.0169474935002752,1352.68166087979
"shared","shared",2,1.12,1.125,-0.00489350380651482,1352.68166087979
"shared","shared",2,1.125,1.13,-0.014622398170369,1352.68166087979
"shared","shared",2,1.13,1.135,-0.0167548260824961,1352.68166087979
"shared","shared",2,1.135,1.14,-0.0134007410301415,1352.68166087979
"shared","shared",2,1.14,1.145,-0.0110929270867539,1352.68166087979
"shared","shared",2,1.145,1.15,-0.0143825879926098,1352.68166087979
"shared","shared",2,1.15,1.155,-0.0153846256443625,1352.68166087979
"shared","shared",2,1.155,1.16,-0.00808752571357146,1352.68166087979
"shared","shared",2,1.16,1.165,-0.0100024757125411,1352.68166087979
"shared","shared",2,1.165,1.17,-0.0141989898491189,1352.68166087979
"shared","shared",2,1.17,1.175,-0.00603707880651369,1352.68166087979
"shared","shared",2,1.175,1.18,-0.00752700794467026,1352.68166087979
"shared","shared",2,1.18,1.185,0.00233803084876957,1352.68166087979
"shared","shared",2,1.185,1.19,-0.00516641338827736,1352.68166087979
"shared","shared",2,1.19,1.195,-0.00151909681487203,1352.68166087979
"shared","shared",2,1.195,1.2,0.0014784720011721,1352.68166087979
"shared","shared",2,1.2,1.205,-0.00439661168425121,1352.68166087979
"shared","shared",2,1.205,1.21,-0.0116557873120026,1352.68166087979
"shared","shared",2,1.21,1.215,-0.0079096131064145,1352.68166087979
"shared","shared",2,1.215,1.22,-0.00413365872262333,1352.68166087979
"shared","shared",2,1.22,1.225,-0.00929422722580187,1352.68166087979
"shared","shared",2,1.225,1.23,-0.00794839063973796,1352.68166087979
"shared","shared",2,1.23,1.235,-0.0053285871244298,1352.68166087979
"shared","shared",2,1.235,1.24,-0.0108154971501657,1352.68166087979
"shared","shared",2,1.24,1.245,-0.00909438657215647,1352.68166087979
"shared","shared",2,1.245,1.25,-0.0167088241092155,1352.68166087979
"shared","shared",2,1.25,1.255,-0.0149135568393662,1352.68166087979
"shared","shared",2,1.255,1.26,-0.0110497533005323,1352.68166087979
"shared","shared",2,1.26,1.265,-0.0141867036751053,1352.68166087979
"shared","shared",2,1.265,1.27,-0.0100357202860124,1352.68166087979
"shared","shared",2,1.27,1.275,-0.0125819036931664,1352.68166087979
"shared","shared",2,1.275,1.28,-0.0108837107758931,1352.68166087979
"shared","shared",2,1.28,1.285,-0.00764119739292901,1352.68166087979
"shared","shared",2,1.285,1.29,-0.0065033764285896,1352.68166087979
"shared","shared",2,1.29,1.295,-0.0159918694623763,1352.68166087979
"shared","shared",2,1.295,1.3,-0.0109372521559903,1352.68166087979
"shared","shared",2,1.3,1.305,-0.0179425259431141,1352.68166087979
"shared","shared",2,1.305,1.31,-0.0114383628159058,1352.68166087979
"shared","shared",2,1.31,1.315,-0.012330030233285,1352.68166087979
"shared","shared",2,1.315,1.32,-0.00427079354405919,1352.68166087979
"shared","shared",2,1.32,1.325,-0.0144337932891627,1352.68166087979
"shared","shared",2,1.325,1.33,-0.00945758122221661,1352.68166087979
"shared","shared",2,1.33,1.335,-0.0119291208737169,1352.68166087979
"shared","shared",2,1.335,1.34,-0.0135141139811306,1352.68166087979
"shared","shared",2,1.34,1.345,-0.0158738560502208,1352.68166087979
"shared","shared",2,1.345,1.35,-0.00832116667367591,1352.68166087979
"shared","shared",2,1.35,1.355,-0.0127893902904843,1352.68166087979
"shared","shared",2,1.355,1.36,-0.0138067266487583,1352.68166087979
"shared","shared",2,1.36,1.365,-0.00378574480248325,1352.68166087979
"shared","shared",2,1.365,1.37,-0.00303490362410691,1352.68166087979
"shared","shared",2,1.37,1.375,-0.00821422098367694,1352.68166087979
"shared","shared",2,1.375,1.38,0.000133993607820293,1352.68166087979
"shared","shared",2,1.38,1.385,-0.00449790717962548,1352.68166087979
"shared","shared",2,1.385,1.39,-0.00481582347301998,1352.68166087979
"shared","shared",2,1.39,1.395,0.00291825537808513,1352.68166087979
"shared","shared",2,1.395,1.4,-0.00920823109961949,1352.68166087979
"shared","shared",2,1.4,1.405,-0.00174458195766206,1352.68166087979
"shared","shared",2,1.405,1.41,-0.00194726801055228,1352.68166087979
"shared","shared",2,1.41,1.415,-0.0117379715116957,1352.68166087979
"shared","shared",2,1.415,1.42,-0.00843749153104534,1352.68166087979
"shared","shared",2,1.42,1.425,-0.0133581338181153,1352.68166087979
"shared","shared",2,1.425,1.43,-0.01561395202548,1352.68166087979
"shared","shared",2,1.43,1.435,-0.0112449103004816,1352.68166087979
"shared","shared",2,1.435,1.44,-0.0143543225086035,1352.68166087979
"shared","shared",2,1.44,1.445,-0.0122792008467948,1352.68166087979
"shared","shared",2,1.445,1.45,-0.00533896076073942,1352.68166087979
"shared","shared",2,1.45,1.455,-0.0161547867600348,1352.68166087979
"shared","shared",2,1.455,1.46,-0.0109667259663335,1352.68166087979
"shared","shared",2,1.46,1.465,-0.0143905810557496,1352.68166087979
"shared","shared",2,1.465,1.47,-0.016810845690683,1352.68166087979
"shared","shared",2,1.47,1.475,-0.0160938492311514,1352.68166087979
"shared","shared",2,1.475,1.48,-0.0153419996219349,1352.68166087979
"shared","shared",2,1.48,1.485,-0.0151642236888732,1352.68166087979
"shared","shared",2,1.485,1.49,-0.010875345871594,1352.68166087979
"shared","shared",2,1.49,1.495,-0.0156398718141313,1352.68166087979
"shared","shared",2,1.495,1.5,-0.0112098536651368,1352.68166087979
"shared","shared",2,1.5,1.505,-0.0161846217272777,1352.68166087979
"shared","shared",2,1.505,1.51,-0.0156692758357083,1352.68166087979
"shared","shared",2,1.51,1.515,-0.012337150222557,1352.68166087979
"shared","shared",2,1.515,1.52,-0.0109899161825916,1352.68166087979
"shared","shared",2,1.52,1.525,-0.0128130233329211,1352.68166087979
"shared","shared",2,1.525,1.53,-0.0104340554957614,1352.68166087979
"shared","shared",2,1.53,1.535,-0.00739103331930457,1352.68166087979
"shared","shared",2,1.535,1.54,-0.00646175675701677,1352.68166087979
"shared","shared",2,1.54,1.545,-0.0116622630934575,1352.68166087979
"shared","shared",2,1.545,1.55,-0.00765708710108537,1352.68166087979
"shared","shared",2,1.55,1.555,-0.00822974174595925,1352.68166087979
"shared","shared",2,1.555,1.56,-0.0110975370413678,1352.68166087979
"shared","shared",2,1.56,1.565,-0.00769543001401063,1352.68166087979
"shared","shared",2,1.565,1.57,-0.00503125631989765,1352.68166087979
"shared","shared",2,1.57,1.575,0.000471792227697998,1352.68166087979
"shared","shared",2,1.575,1.58,-0.00585859500712615,1352.68166087979
"shared","shared",2,1.58,1.585,-0.00479136310772887,1352.68166087979
"shared","shared",2,1.585,1.59,-0.0109620846310654,1352.68166087979
"shared","shared",2,1.59,1.595,-0.00457215392308508,1352.68166087979
"shared","shared",2,1.595,1.6,0.000352356137501952,1352.68166087979
"shared","shared",2,1.6,1.605,-0.00503026878239565,1352.68166087979
"shared","shared",2,1.605,1.61,-0.00336830933199561,1352.68166087979
"shared","shared",2,1.61,1.615,-0.00917729656449273,1352.68166087979
"shared","shared",2,1.615,1.62,-0.00241033717322126,1352.68166087979
"shared","shared",2,1.62,1.625,-0.000413233487782882,1352.68166087979
"shared","shared",2,1.625,1.63,-0.00277913942032648,1352.68166087979
"shared","shared",2,1.63,1.635,-0.00267826534290105,1352.68166087979
"shared","shared",2,1.635,1.64,-0.00237544360775255,1352.68166087979
"shared","shared",2,1.64,1.645,-0.00537324028698138,1352.68166087979
"shared","shared",2,1.645,1.65,0.0029650273681654,1352.68166087979
"shared","shared",2,1.65,1.655,-0.00552468281074092,1352.68166087979
"shared","shared",2,1.655,1.66,-0.00625437856093458,1352.68166087979
"shared","shared",2,1.66,1.665,-0.00186147919046642,1352.68166087979
"shared","shared",2,1.665,1.67,-0.00143885188790183,1352.68166087979
"shared","shared",2,1.67,1.675,-0.0064158397919678,1352.68166087979
"shared","shared",2,1.675,1.68,-0.00184854888344699,1352.68166087979
"shared","shared",2,1.68,1.685,-0.00347862649288477,1352.68166087979
"shared","shared",2,1.685,1.69,-0.00113334170721313,1352.68166087979
"shared","shared",2,1.69,1.695,0.00501867193006722,1352.68166087979
"shared","shared",2,1.695,1.7,-0.0019428180346488,1352.68166087979
"shared","shared",2,1.7,1.705,0.00357981974942545,1352.68166087979
"shared","shared",2,1.705,1.71,0.00641122841382369,1352.68166087979
"shared","shared",2,1.71,1.715,-0.00141914943286137,1352.68166087979
"shared","shared",2,1.715,1.72,0.00558536487128869,1352.68166087979
"shared","shared",2,1.72,1.725,-0.00103756153742607,1352.68166087979
"shared","shared",2,1.725,1.73,-0.000185427909914937,1352.68166087979
"shared","shared",2,1.73,1.735,-0.0026239667438257,1352.68166087979
"shared","shared",2,1.735,1.74,0.00293342838215316,1352.68166087979
"shared","shared",2,1.74,1.745,0.00374505598569963,1352.68166087979
"shared","shared",2,1.745,1.75,-0.00119234835636894,1352.68166087979
"shared","shared",2,1.75,1.755,0.00162385691436706,1352.68166087979
"shared","shared",2,1.755,1.76,-0.00428496878443285,1352.68166087979
"shared","shared",2,1.76,1.765,0.00300300866409609,1352.68166087979
"shared","shared",2,1.765,1.77,0.000677753099663669,1352.68166087979
"shared","shared",2,1.77,1.775,-0.00587249659587596,1352.68166087979
"shared","shared",2,1.775,1.78,-0.00304132394255652,1352.68166087979
"shared","shared",2,1.78,1.785,-0.00545528235899029,1352.68166087979
"shared","shared",2,1.785,1.79,-0.00407081893366379,1352.68166087979
"shared","shared",2,1.79,1.795,-0.00110789323114269,1352.68166087979
"shared","shared",2,1.795,1.8,0.00092630694885576,1352.68166087979
"shared","shared",2,1.8,1.805,-0.00252159185294221,1352.68166087979
"shared","shared",2,1.805,1.81,-0.00330355769075286,1352.68166087979
"shared","shared",2,1.81,1.815,-0.00449873339206908,1352.68166087979
"shared","shared",2,1.815,1.82,0.00106499145585182,1352.68166087979
"shared","shared",2,1.82,1.825,-0.00663332002913786,1352.68166087979
"shared","shared",2,1.825,1.83,-0.0104635586045808,1352.68166087979
"shared","shared",2,1.83,1.835,-0.0091177554340367,1352.68166087979
"shared","shared",2,1.835,1.84,-0.00782002861448983,1352.68166087979
"shared","shared",2,1.84,1.845,-0.00807825838611598,1352.68166087979
"shared","shared",2,1.845,1.85,-0.00842592338238934,1352.68166087979
"shared","shared",2,1.85,1.855,-0.0114435644119592,1352.68166087979
"shared","shared",2,1.855,1.86,-0.00102731960202995,1352.68166087979
"shared","shared",2,1.86,1.865,-0.010849445013718,1352.68166087979
"shared","shared",2,1.865,1.87,-0.00889773909691227,1352.68166087979
"shared","shared",2,1.87,1.875,-0.00477110025768912,1352.68166087979
"shared","shared",2,1.875,1.88,-0.000201186675512388,1352.68166087979
"shared","shared",2,1.88,1.885,0.00396184269366873,1352.68166087979
"shared","shared",2,1.885,1.89,-0.0030806847020074,1352.68166087979
"shared","shared",2,1.89,1.895,-0.00432267774038897,1352.68166087979
"shared","shared",2,1.895,1.9,0.00176656762301908,1352.68166087979
"shared","shared",2,1.9,1.905,0.000607112468374749,1352.68166087979
"shared","shared",2,1.905,1.91,-0.00140465250857846,1352.68166087979
"shared","shared",2,1.91,1.915,-0.00618166686766686,1352.68166087979
"shared","shared",2,1.915,1.92,0.00187511120051453,1352.68166087979
"shared","shared",2,1.92,1.925,-0.00702346805538534,1352.68166087979
"shared","shared",2,1.925,1.93,-0.00228655108807951,1352.68166087979
"shared","shared",2,1.93,1.935,-0.000740264553835135,1352.68166087979
"shared","shared",2,1.935,1.94,-0.00161856885246747,1352.68166087979
"shared","shared",2,1.94,1.945,0.00547738198284753,1352.68166087979
"shared","shared",2,1.945,1.95,0.00289672579621614,1352.68166087979
"shared","shared",2,1.95,1.955,-0.00152591474491215,1352.68166087979
"shared","shared",2,1.955,1.96,-0.00144352999887143,1352.68166087979
"shared","shared",2,1.96,1.965,-0.000264054235447619,1352.68166087979
"shared","shared",2,1.965,1.97,-0.00419522233326819,1352.68166087979
"shared","shared",2,1.97,1.975,-0.00161028064048196,1352.68166087979
"shared","shared",2,1.975,1.98,-0.00103281605941552,1352.68166087979
"shared","shared",2,1.98,1.985,0.00370922354695924,1352.68166087979
"shared","shared",2,1.985,1.99,-0.00272434445902026,1352.68166087979
"shared","shared",2,1.99,1.995,-0.00275412730718227,1352.68166087979
"shared","shared",2,1.995,2,-0.00483674883861496,1352.68166087979
"shared","shared",3,0,0.005,0.0068474951219696,283.43691979538
"shared","shared",3,0.005,0.01,0.0104964451991038,283.43691979538
"shared","shared",3,0.01,0.015,0.0054047476079825,283.43691979538
"shared","shared",3,0.015,0.02,0.0106694951195813,283.43691979538
"shared","shared",3,0.02,0.025,0.0143507528960506,283.43691979538
"shared","shared",3,0.025,0.03,0.0150967097213731,283.43691979538
"shared","shared",3,0.03,0.035,0.0217782396333884,283.43691979538
"shared","shared",3,0.035,0.04,0.0217646739169572,283.43691979538
"shared","shared",3,0.04,0.045,0.00803740673844634,283.43691979538
"shared","shared",3,0.045,0.05,0.00885448586897367,283.43691979538
"shared","shared",3,0.05,0.055,0.0245131021906495,283.43691979538
"shared","shared",3,0.055,0.06,0.0171810415424373,283.43691979538
"shared","shared",3,0.06,0.065,0.0169971573666592,283.43691979538
"shared","shared",3,0.065,0.07,0.00729896528889185,283.43691979538
"shared","shared",3,0.07,0.075,0.0168445356774634,283.43691979538
"shared","shared",3,0.075,0.08,0.0269117818499516,283.43691979538
"shared","shared",3,0.08,0.085,0.0132141781411493,283.43691979538
"shared","shared",3,0.085,0.09,0.0113942745427845,283.43691979538
"shared","shared",3,0.09,0.095,0.0259378372631864,283.43691979538
"shared","shared",3,0.095,0.1,0.0355551599080609,283.43691979538
"shared","shared",3,0.1,0.105,0.0158954962819201,283.43691979538
"shared","shared",3,0.105,0.11,0.0312987211266663,283.43691979538
"shared","shared",3,0.11,0.115,0.00567337703220178,283.43691979538
"shared","shared",3,0.115,0.12,0.0374319276324747,283.43691979538
"shared","shared",3,0.12,0.125,0.0168267067556407,283.43691979538
"shared","shared",3,0.125,0.13,0.012836087181812,283.43691979538
"shared","shared",3,0.13,0.135,0.0115266057902159,283.43691979538
"shared","shared",3,0.135,0.14,0.018770827334148,283.43691979538
"shared","shared",3,0.14,0.145,0.0215032084241027,283.43691979538
"shared","shared",3,0.145,0.15,0.0293291254257614,283.43691979538
"shared","shared",3,0.15,0.155,0.0188664973864844,283.43691979538
"shared","shared",3,0.155,0.16,0.0252614420079286,283.43691979538
"shared","shared",3,0.16,0.165,0.00935612390011376,283.43691979538
"shared","shared",3,0.165,0.17,0.0232417601495967,283.43691979538
"shared","shared",3,0.17,0.175,0.0221188884644961,283.43691979538
"shared","shared",3,0.175,0.18,0.0233920530039547,283.43691979538
"shared","shared",3,0.18,0.185,0.0158847814503937,283.43691979538
"shared","shared",3,0.185,0.19,0.0369161027304287,283.43691979538
"shared","shared",3,0.19,0.195,0.0471620704379934,283.43691979538
"shared","shared",3,0.195,0.2,0.0340017903913021,283.43691979538
"shared","shared",3,0.2,0.205,0.0344797380138691,283.43691979538
"shared","shared",3,0.205,0.21,0.0197643176143126,283.43691979538
"shared","shared",3,0.21,0.215,0.0309508072866536,283.43691979538
"shared","shared",3,0.215,0.22,0.0377518955753401,283.43691979538
"shared","shared",3,0.22,0.225,0.0393665569160653,283.43691979538
"shared","shared",3,0.225,0.23,0.0258920638076054,283.43691979538
"shared","shared",3,0.23,0.235,0.0298304276411983,283.43691979538
"shared","shared",3,0.235,0.24,0.0210314067760184,283.43691979538
"shared","shared",3,0.24,0.245,0.0222873928861032,283.43691979538
"shared","shared",3,0.245,0.25,0.0084907285168494,283.43691979538
"shared","shared",3,0.25,0.255,-0.00472495533917261,283.43691979538
"shared","shared",3,0.255,0.26,-0.000590332461696708,283.43691979538
"shared","shared",3,0.26,0.265,0.00691153508196685,283.43691979538
"shared","shared",3,0.265,0.27,-0.0109979906670139,283.43691979538
"shared","shared",3,0.27,0.275,-0.0321875031702836,283.43691979538
"shared","shared",3,0.275,0.28,-0.0160243238669253,283.43691979538
"shared","shared",3,0.28,0.285,-0.00662411686914866,283.43691979538
"shared","shared",3,0.285,0.29,-0.0154907326268954,283.43691979538
"shared","shared",3,0.29,0.295,-0.0451753522827582,283.43691979538
"shared","shared",3,0.295,0.3,-0.0180325849880801,283.43691979538
"shared","shared",3,0.3,0.305,-0.0226665358324054,283.43691979538
"shared","shared",3,0.305,0.31,-0.0126060100863642,283.43691979538
"shared","shared",3,0.31,0.315,-0.0282186740766233,283.43691979538
"shared","shared",3,0.315,0.32,-0.023397476457355,283.43691979538
"shared","shared",3,0.32,0.325,-0.0233773986553407,283.43691979538
"shared","shared",3,0.325,0.33,-0.0176802106536217,283.43691979538
"shared","shared",3,0.33,0.335,-0.0296761472344668,283.43691979538
"shared","shared",3,0.335,0.34,-0.00121815805176462,283.43691979538
"shared","shared",3,0.34,0.345,-0.000909121975271932,283.43691979538
"shared","shared",3,0.345,0.35,-0.0104884101870453,283.43691979538
"shared","shared",3,0.35,0.355,-0.0159991119603756,283.43691979538
"shared","shared",3,0.355,0.36,0.0110302052580482,283.43691979538
"shared","shared",3,0.36,0.365,0.0156682262571758,283.43691979538
"shared","shared",3,0.365,0.37,-0.0213181881932779,283.43691979538
"shared","shared",3,0.37,0.375,0.000324609848921908,283.43691979538
"shared","shared",3,0.375,0.38,-0.00287483548335599,283.43691979538
"shared","shared",3,0.38,0.385,0.00294769340941259,283.43691979538
"shared","shared",3,0.385,0.39,-0.00379624748808027,283.43691979538
"shared","shared",3,0.39,0.395,-0.0204467484505747,283.43691979538
"shared","shared",3,0.395,0.4,-0.00438126984668252,283.43691979538
"shared","shared",3,0.4,0.405,-0.00193011805358545,283.43691979538
"shared","shared",3,0.405,0.41,0.000791309153576725,283.43691979538
"shared","shared",3,0.41,0.415,-0.00963611035563605,283.43691979538
"shared","shared",3,0.415,0.42,-0.00389803039434644,283.43691979538
"shared","shared",3,0.42,0.425,-0.00568679150001106,283.43691979538
"shared","shared",3,0.425,0.43,-0.0200880444130972,283.43691979538
"shared","shared",3,0.43,0.435,-0.0243521007966511,283.43691979538
"shared","shared",3,0.435,0.44,-0.0094124643014778,283.43691979538
"shared","shared",3,0.44,0.445,-0.0169914966847372,283.43691979538
"shared","shared",3,0.445,0.45,-0.0178613306994057,283.43691979538
"shared","shared",3,0.45,0.455,-0.00642385370595888,283.43691979538
"shared","shared",3,0.455,0.46,-0.0201665194674127,283.43691979538
"shared","shared",3,0.46,0.465,-0.033340567208583,283.43691979538
"shared","shared",3,0.465,0.47,-0.0213782712634307,283.43691979538
"shared","shared",3,0.47,0.475,-0.010348428113762,283.43691979538
"shared","shared",3,0.475,0.48,-0.0325141212201023,283.43691979538
"shared","shared",3,0.48,0.485,-0.0119367261062506,283.43691979538
"shared","shared",3,0.485,0.49,-0.0189080633063602,283.43691979538
"shared","shared",3,0.49,0.495,-0.0272075963150201,283.43691979538
"shared","shared",3,0.495,0.5,-0.0264331016859938,283.43691979538
"shared","shared",3,0.5,0.505,-0.0182618351950268,283.43691979538
"shared","shared",3,0.505,0.51,-0.00631041832939172,283.43691979538
"shared","shared",3,0.51,0.515,-0.0110706442675438,283.43691979538
"shared","shared",3,0.515,0.52,-0.00652871785988984,283.43691979538
"shared","shared",3,0.52,0.525,-0.00889755141670429,283.43691979538
"shared","shared",3,0.525,0.53,0.0027239359413031,283.43691979538
"shared","shared",3,0.53,0.535,-0.00834419059482194,283.43691979538
"shared","shared",3,0.535,0.54,0.00510157068464351,283.43691979538
"shared","shared",3,0.54,0.545,-0.0016430397918174,283.43691979538
"shared","shared",3,0.545,0.55,-0.024490672671579,283.43691979538
"shared","shared",3,0.55,0.555,-0.00778752916410419,283.43691979538
"shared","shared",3,0.555,0.56,-0.0227402606899806,283.43691979538
"shared","shared",3,0.56,0.565,-0.0033194108926749,283.43691979538
"shared","shared",3,0.565,0.57,0.00272978528737106,283.43691979538
"shared","shared",3,0.57,0.575,-0.023740914534074,283.43691979538
"shared","shared",3,0.575,0.58,0.000687757938329425,283.43691979538
"shared","shared",3,0.58,0.585,-0.0101201943164332,283.43691979538
"shared","shared",3,0.585,0.59,-0.0229353945055578,283.43691979538
"shared","shared",3,0.59,0.595,-0.0139117449522334,283.43691979538
"shared","shared",3,0.595,0.6,-0.0119377913521316,283.43691979538
"shared","shared",3,0.6,0.605,-0.00200129190891232,283.43691979538
"shared","shared",3,0.605,0.61,0.00492491934654923,283.43691979538
"shared","shared",3,0.61,0.615,0.00470934829137068,283.43691979538
"shared","shared",3,0.615,0.62,-0.0137029236962885,283.43691979538
"shared","shared",3,0.62,0.625,-0.00391712112726433,283.43691979538
"shared","shared",3,0.625,0.63,0.0136460192362793,283.43691979538
"shared","shared",3,0.63,0.635,-0.0073578861939019,283.43691979538
"shared","shared",3,0.635,0.64,0.00212057754882558,283.43691979538
"shared","shared",3,0.64,0.645,-0.0115541821825385,283.43691979538
"shared","shared",3,0.645,0.65,0.00199428500078008,283.43691979538
"shared","shared",3,0.65,0.655,0.00627627834690114,283.43691979538
"shared","shared",3,0.655,0.66,-0.0099465543933086,283.43691979538
"shared","shared",3,0.66,0.665,0.0129961593158634,283.43691979538
"shared","shared",3,0.665,0.67,-0.00638217741328453,283.43691979538
"shared","shared",3,0.67,0.675,-0.00241497478194633,283.43691979538
"shared","shared",3,0.675,0.68,-0.021647368176401,283.43691979538
"shared","shared",3,0.68,0.685,-0.00362309649453055,283.43691979538
"shared","shared",3,0.685,0.69,-0.0177286238669433,283.43691979538
"shared","shared",3,0.69,0.695,0.00389293343367306,283.43691979538
"shared","shared",3,0.695,0.7,-0.0134344639916868,283.43691979538
"shared","shared",3,0.7,0.705,-0.0237255266974135,283.43691979538
"shared","shared",3,0.705,0.71,-0.00271308415002702,283.43691979538
"shared","shared",3,0.71,0.715,-0.00321575799683992,283.43691979538
"shared","shared",3,0.715,0.72,-0.0146688731028624,283.43691979538
"shared","shared",3,0.72,0.725,-0.00385410478202913,283.43691979538
"shared","shared",3,0.725,0.73,-0.0119181273819284,283.43691979538
"shared","shared",3,0.73,0.735,-0.00380449816822184,283.43691979538
"shared","shared",3,0.735,0.74,-0.0153978027336594,283.43691979538
"shared","shared",3,0.74,0.745,-0.0284836408987971,283.43691979538
"shared","shared",3,0.745,0.75,-0.0031407858261916,283.43691979538
"shared","shared",3,0.75,0.755,-0.00937493041626218,283.43691979538
"shared","shared",3,0.755,0.76,-0.0209440953092943,283.43691979538
"shared","shared",3,0.76,0.765,-0.0188522765781751,283.43691979538
"shared","shared",3,0.765,0.77,-0.0156779675617208,283.43691979538
"shared","shared",3,0.77,0.775,-0.0181755666432803,283.43691979538
"shared","shared",3,0.775,0.78,-0.0179600418832745,283.43691979538
"shared","shared",3,0.78,0.785,-0.00975454032517592,283.43691979538
"shared","shared",3,0.785,0.79,-0.00478414659557229,283.43691979538
"shared","shared",3,0.79,0.795,-0.00470650318957733,283.43691979538
"shared","shared",3,0.795,0.8,-0.00142110893907846,283.43691979538
"shared","shared",3,0.8,0.805,-0.0216333183291379,283.43691979538
"shared","shared",3,0.805,0.81,-0.0139862116738837,283.43691979538
"shared","shared",3,0.81,0.815,-0.0285399766325574,283.43691979538
"shared","shared",3,0.815,0.82,0.00676823013156519,283.43691979538
"shared","shared",3,0.82,0.825,-0.0108235060086702,283.43691979538
"shared","shared",3,0.825,0.83,-0.0198679983773871,283.43691979538
"shared","shared",3,0.83,0.835,-0.00429602090040015,283.43691979538
"shared","shared",3,0.835,0.84,-0.0319096089252642,283.43691979538
"shared","shared",3,0.84,0.845,-0.00620715137771677,283.43691979538
"shared","shared",3,0.845,0.85,-0.00122212264458202,283.43691979538
"shared","shared",3,0.85,0.855,-0.0155380204366981,283.43691979538
"shared","shared",3,0.855,0.86,-0.032593300591493,283.43691979538
"shared","shared",3,0.86,0.865,-0.00538748173806275,283.43691979538
"shared","shared",3,0.865,0.87,-0.0128607492486338,283.43691979538
"shared","shared",3,0.87,0.875,-0.00380449061334742,283.43691979538
"shared","shared",3,0.875,0.88,-0.00768875741828928,283.43691979538
"shared","shared",3,0.88,0.885,-0.0163644962363779,283.43691979538
"shared","shared",3,0.885,0.89,-0.010835744025527,283.43691979538
"shared","shared",3,0.89,0.895,-0.00810020912906073,283.43691979538
"shared","shared",3,0.895,0.9,-0.0138032645719957,283.43691979538
"shared","shared",3,0.9,0.905,-0.0120142443800048,283.43691979538
"shared","shared",3,0.905,0.91,-0.0162714365070283,283.43691979538
"shared","shared",3,0.91,0.915,-0.00976614462739966,283.43691979538
"shared","shared",3,0.915,0.92,-0.0103698152717802,283.43691979538
"shared","shared",3,0.92,0.925,-0.0145497300904157,283.43691979538
"shared","shared",3,0.925,0.93,-0.0094119496198507,283.43691979538
"shared","shared",3,0.93,0.935,-0.0145618307908948,283.43691979538
"shared","shared",3,0.935,0.94,-0.000987329547561588,283.43691979538
"shared","shared",3,0.94,0.945,-0.0203138070696418,283.43691979538
"shared","shared",3,0.945,0.95,0.00675885088327866,283.43691979538
"shared","shared",3,0.95,0.955,-0.0220110984260282,283.43691979538
"shared","shared",3,0.955,0.96,0.0188957145067496,283.43691979538
"shared","shared",3,0.96,0.965,-0.0246711920116396,283.43691979538
"shared","shared",3,0.965,0.97,-0.0184702486365772,283.43691979538
"shared","shared",3,0.97,0.975,-0.00858866573352102,283.43691979538
"shared","shared",3,0.975,0.98,-0.0148927555016393,283.43691979538
"shared","shared",3,0.98,0.985,-0.0145633871284208,283.43691979538
"shared","shared",3,0.985,0.99,-0.0221478912105287,283.43691979538
"shared","shared",3,0.99,0.995,-0.0346285988224008,283.43691979538
"shared","shared",3,0.995,1,-0.00309731954959835,283.43691979538
"shared","shared",3,1,1.005,-0.0242948064792002,283.43691979538
"shared","shared",3,1.005,1.01,-0.0258316494951005,283.43691979538
"shared","shared",3,1.01,1.015,-0.0204785166505226,283.43691979538
"shared","shared",3,1.015,1.02,-0.0156332085479397,283.43691979538
"shared","shared",3,1.02,1.025,-0.0200972915288404,283.43691979538
"shared","shared",3,1.025,1.03,-0.0236951470373687,283.43691979538
"shared","shared",3,1.03,1.035,-0.0193857016161495,283.43691979538
"shared","shared",3,1.035,1.04,0.00312364869862058,283.43691979538
"shared","shared",3,1.04,1.045,-0.00391088890978897,283.43691979538
"shared","shared",3,1.045,1.05,0.00277615202513071,283.43691979538
"shared","shared",3,1.05,1.055,-0.00595758658318335,283.43691979538
"shared","shared",3,1.055,1.06,-0.00582668988946089,283.43691979538
"shared","shared",3,1.06,1.065,0.00332059072234547,283.43691979538
"shared","shared",3,1.065,1.07,-0.00527459586808032,283.43691979538
"shared","shared",3,1.07,1.075,-0.0106218866639789,283.43691979538
"shared","shared",3,1.075,1.08,-0.0124077471843199,283.43691979538
"shared","shared",3,1.08,1.085,0.00305459102997396,283.43691979538
"shared","shared",3,1.085,1.09,-0.0160198499834752,283.43691979538
"shared","shared",3,1.09,1.095,-0.0151648355699094,283.43691979538
"shared","shared",3,1.095,1.1,-0.00751772783270688,283.43691979538
"shared","shared",3,1.1,1.105,-0.0139842127493073,283.43691979538
"shared","shared",3,1.105,1.11,-0.0125188923548076,283.43691979538
"shared","shared",3,1.11,1.115,0.00839206406012061,283.43691979538
"shared","shared",3,1.115,1.12,-0.015404911580321,283.43691979538
"shared","shared",3,1.12,1.125,-0.00609726567105873,283.43691979538
"shared","shared",3,1.125,1.13,0.00330360270660812,283.43691979538
"shared","shared",3,1.13,1.135,0.00301686794228417,283.43691979538
"shared","shared",3,1.135,1.14,-0.0059326841527817,283.43691979538
"shared","shared",3,1.14,1.145,0.0087408214038146,283.43691979538
"shared","shared",3,1.145,1.15,-0.00318645310766963,283.43691979538
"shared","shared",3,1.15,1.155,0.001426527135725,283.43691979538
"shared","shared",3,1.155,1.16,-0.0059956588011294,283.43691979538
"shared","shared",3,1.16,1.165,0.00731520776409744,283.43691979538
"shared","shared",3,1.165,1.17,-0.0101492775822191,283.43691979538
"shared","shared",3,1.17,1.175,0.00860900524229113,283.43691979538
"shared","shared",3,1.175,1.18,-0.000981989597670263,283.43691979538
"shared","shared",3,1.18,1.185,-0.00960865958780355,283.43691979538
"shared","shared",3,1.185,1.19,-0.00343683842260467,283.43691979538
"shared","shared",3,1.19,1.195,-0.00838189829946079,283.43691979538
"shared","shared",3,1.195,1.2,0.00342398600637672,283.43691979538
"shared","shared",3,1.2,1.205,0.0144042528261115,283.43691979538
"shared","shared",3,1.205,1.21,-0.0127618395233612,283.43691979538
"shared","shared",3,1.21,1.215,0.00528292381755791,283.43691979538
"shared","shared",3,1.215,1.22,0.00273554634246964,283.43691979538
"shared","shared",3,1.22,1.225,0.00656281508195511,283.43691979538
"shared","shared",3,1.225,1.23,0.00852812649687995,283.43691979538
"shared","shared",3,1.23,1.235,0.0032174314330955,283.43691979538
"shared","shared",3,1.235,1.24,-0.00614971423632227,283.43691979538
"shared","shared",3,1.24,1.245,-0.00912782380380373,283.43691979538
"shared","shared",3,1.245,1.25,-0.00928850318540619,283.43691979538
"shared","shared",3,1.25,1.255,0.0130687705153667,283.43691979538
"shared","shared",3,1.255,1.26,-0.011589158430626,283.43691979538
"shared","shared",3,1.26,1.265,-0.00765391777752833,283.43691979538
"shared","shared",3,1.265,1.27,-0.0135367325060464,283.43691979538
"shared","shared",3,1.27,1.275,-0.0176636935090358,283.43691979538
"shared","shared",3,1.275,1.28,-0.00394656098550106,283.43691979538
"shared","shared",3,1.28,1.285,-0.0134112152882104,283.43691979538
"shared","shared",3,1.285,1.29,-0.0223209576717602,283.43691979538
"shared","shared",3,1.29,1.295,-0.0215908956145516,283.43691979538
"shared","shared",3,1.295,1.3,-0.0133572719550957,283.43691979538
"shared","shared",3,1.3,1.305,0.000845169007220536,283.43691979538
"shared","shared",3,1.305,1.31,-0.00276818635412768,283.43691979538
"shared","shared",3,1.31,1.315,-0.0162329259859103,283.43691979538
"shared","shared",3,1.315,1.32,0.00510872402403684,283.43691979538
"shared","shared",3,1.32,1.325,0.00308241909336271,283.43691979538
"shared","shared",3,1.325,1.33,0.0174338640440155,283.43691979538
"shared","shared",3,1.33,1.335,-0.00877597014855491,283.43691979538
"shared","shared",3,1.335,1.34,0.0328421828006082,283.43691979538
"shared","shared",3,1.34,1.345,0.00138688300181344,283.43691979538
"shared","shared",3,1.345,1.35,-0.00837988926284361,283.43691979538
"shared","shared",3,1.35,1.355,-0.0123069916236055,283.43691979538
"shared","shared",3,1.355,1.36,0.00267034326241311,283.43691979538
"shared","shared",3,1.36,1.365,-0.000155265974863927,283.43691979538
"shared","shared",3,1.365,1.37,7.9991094604992e-05,283.43691979538
"shared","shared",3,1.37,1.375,0.00593717293172902,283.43691979538
"shared","shared",3,1.375,1.38,-0.0146225133610419,283.43691979538
"shared","shared",3,1.38,1.385,0.00733855766411817,283.43691979538
"shared","shared",3,1.385,1.39,-0.00402289688103386,283.43691979538
"shared","shared",3,1.39,1.395,-0.00212253355128467,283.43691979538
"shared","shared",3,1.395,1.4,-0.00513913567837676,283.43691979538
"shared","shared",3,1.4,1.405,0.00516502829542054,283.43691979538
"shared","shared",3,1.405,1.41,0.0144246879232151,283.43691979538
"shared","shared",3,1.41,1.415,0.0191751115281952,283.43691979538
"shared","shared",3,1.415,1.42,0.00889515199275159,283.43691979538
"shared","shared",3,1.42,1.425,0.0254506112734606,283.43691979538
"shared","shared",3,1.425,1.43,0.0156147371976028,283.43691979538
"shared","shared",3,1.43,1.435,0.0169630035737047,283.43691979538
"shared","shared",3,1.435,1.44,0.0151930768049647,283.43691979538
"shared","shared",3,1.44,1.445,0.0149192893903188,283.43691979538
"shared","shared",3,1.445,1.45,0.0152903586229808,283.43691979538
"shared","shared",3,1.45,1.455,0.0242920971292409,283.43691979538
"shared","shared",3,1.455,1.46,0.00691963374568683,283.43691979538
"shared","shared",3,1.46,1.465,0.0221202960544211,283.43691979538
"shared","shared",3,1.465,1.47,0.00266346775047444,283.43691979538
"shared","shared",3,1.47,1.475,0.0139000700037023,283.43691979538
"shared","shared",3,1.475,1.48,0.0417920150258966,283.43691979538
"shared","shared",3,1.48,1.485,0.0221061641720556,283.43691979538
"shared","shared",3,1.485,1.49,0.0285903921732081,283.43691979538
"shared","shared",3,1.49,1.495,0.030505897991625,283.43691979538
"shared","shared",3,1.495,1.5,0.0256241125520047,283.43691979538
"shared","shared",3,1.5,1.505,0.0122767167177228,283.43691979538
"shared","shared",3,1.505,1.51,0.0274014253234399,283.43691979538
"shared","shared",3,1.51,1.515,0.0221199287085425,283.43691979538
"shared","shared",3,1.515,1.52,0.0128308488770819,283.43691979538
"shared","shared",3,1.52,1.525,0.0207146975357421,283.43691979538
"shared","shared",3,1.525,1.53,0.0111781805743901,283.43691979538
"shared","shared",3,1.53,1.535,0.0449493736952983,283.43691979538
"shared","shared",3,1.535,1.54,0.029266664883649,283.43691979538
"shared","shared",3,1.54,1.545,0.037813616248478,283.43691979538
"shared","shared",3,1.545,1.55,0.0422827485000015,283.43691979538
"shared","shared",3,1.55,1.555,0.0131094443729879,283.43691979538
"shared","shared",3,1.555,1.56,0.0082454805126822,283.43691979538
"shared","shared",3,1.56,1.565,0.0324010090041363,283.43691979538
"shared","shared",3,1.565,1.57,0.0193127618344107,283.43691979538
"shared","shared",3,1.57,1.575,0.0138749945785627,283.43691979538
"shared","shared",3,1.575,1.58,0.0287137064324787,283.43691979538
"shared","shared",3,1.58,1.585,0.0411365140552277,283.43691979538
"shared","shared",3,1.585,1.59,0.0174262425521923,283.43691979538
"shared","shared",3,1.59,1.595,0.0158382931288193,283.43691979538
"shared","shared",3,1.595,1.6,0.0178060022596604,283.43691979538
"shared","shared",3,1.6,1.605,0.0212998454190247,283.43691979538
"shared","shared",3,1.605,1.61,0.0247296005893116,283.43691979538
"shared","shared",3,1.61,1.615,0.0178297753762202,283.43691979538
"shared","shared",3,1.615,1.62,0.0275020635157268,283.43691979538
"shared","shared",3,1.62,1.625,0.0208414228239282,283.43691979538
"shared","shared",3,1.625,1.63,0.0205333401522733,283.43691979538
"shared","shared",3,1.63,1.635,0.00550265404694537,283.43691979538
"shared","shared",3,1.635,1.64,0.0284140441435831,283.43691979538
"shared","shared",3,1.64,1.645,0.0140450935383244,283.43691979538
"shared","shared",3,1.645,1.65,0.0286312556183054,283.43691979538
"shared","shared",3,1.65,1.655,0.0271045746574003,283.43691979538
"shared","shared",3,1.655,1.66,0.0225238924865307,283.43691979538
"shared","shared",3,1.66,1.665,0.0161861934156115,283.43691979538
"shared","shared",3,1.665,1.67,0.0302153344128483,283.43691979538
"shared","shared",3,1.67,1.675,0.0191865813881086,283.43691979538
"shared","shared",3,1.675,1.68,0.0317283022167557,283.43691979538
"shared","shared",3,1.68,1.685,0.0214385585235621,283.43691979538
"shared","shared",3,1.685,1.69,0.0258028314874042,283.43691979538
"shared","shared",3,1.69,1.695,0.0196451671054675,283.43691979538
"shared","shared",3,1.695,1.7,0.0242081977261125,283.43691979538
"shared","shared",3,1.7,1.705,0.0222489213680213,283.43691979538
"shared","shared",3,1.705,1.71,0.0363641979684213,283.43691979538
"shared","shared",3,1.71,1.715,0.0339247806416387,283.43691979538
"shared","shared",3,1.715,1.72,0.0212203819411676,283.43691979538
"shared","shared",3,1.72,1.725,0.00437805689828275,283.43691979538
"shared","shared",3,1.725,1.73,0.0153870342040225,283.43691979538
"shared","shared",3,1.73,1.735,0.0225501776803074,283.43691979538
"shared","shared",3,1.735,1.74,0.0186231103923298,283.43691979538
"shared","shared",3,1.74,1.745,0.0291437991250846,283.43691979538
"shared","shared",3,1.745,1.75,0.0273448893059237,283.43691979538
"shared","shared",3,1.75,1.755,0.0141087820465907,283.43691979538
"shared","shared",3,1.755,1.76,0.0241737949720315,283.43691979538
"shared","shared",3,1.76,1.765,0.0219866044832774,283.43691979538
"shared","shared",3,1.765,1.77,0.0200841722873718,283.43691979538
"shared","shared",3,1.77,1.775,0.0492372378280662,283.43691979538
"shared","shared",3,1.775,1.78,0.00795888907102149,283.43691979538
"shared","shared",3,1.78,1.785,0.019633250015996,283.43691979538
"shared","shared",3,1.785,1.79,0.0200295303946275,283.43691979538
"shared","shared",3,1.79,1.795,0.0363015903812672,283.43691979538
"shared","shared",3,1.795,1.8,0.021642009527151,283.43691979538
"shared","shared",3,1.8,1.805,0.032240838299464,283.43691979538
"shared","shared",3,1.805,1.81,0.00957254416216102,283.43691979538
"shared","shared",3,1.81,1.815,0.019011943852161,283.43691979538
"shared","shared",3,1.815,1.82,0.0329895667731664,283.43691979538
"shared","shared",3,1.82,1.825,0.0178467466803079,283.43691979538
"shared","shared",3,1.825,1.83,0.0325421398773432,283.43691979538
"shared","shared",3,1.83,1.835,0.0163047153516535,283.43691979538
"shared","shared",3,1.835,1.84,0.00820969739514754,283.43691979538
"shared","shared",3,1.84,1.845,0.0263953323344945,283.43691979538
"shared","shared",3,1.845,1.85,0.0203075403372716,283.43691979538
"shared","shared",3,1.85,1.855,0.0306990928846596,283.43691979538
"shared","shared",3,1.855,1.86,0.0252330872420046,283.43691979538
"shared","shared",3,1.86,1.865,0.0365231327110462,283.43691979538
"shared","shared",3,1.865,1.87,0.0351152597948496,283.43691979538
"shared","shared",3,1.87,1.875,0.026019028010108,283.43691979538
"shared","shared",3,1.875,1.88,0.0249426915866284,283.43691979538
"shared","shared",3,1.88,1.885,0.025960909018778,283.43691979538
"shared","shared",3,1.885,1.89,0.0300405961474215,283.43691979538
"shared","shared",3,1.89,1.895,0.0520031621225452,283.43691979538
"shared","shared",3,1.895,1.9,0.0310577919585209,283.43691979538
"shared","shared",3,1.9,1.905,0.0312578155520939,283.43691979538
"shared","shared",3,1.905,1.91,0.0194378479387214,283.43691979538
"shared","shared",3,1.91,1.915,0.0104023906072714,283.43691979538
"shared","shared",3,1.915,1.92,0.00663176835826418,283.43691979538
"shared","shared",3,1.92,1.925,0.0146860857461379,283.43691979538
"shared","shared",3,1.925,1.93,0.0131251175594644,283.43691979538
"shared","shared",3,1.93,1.935,0.0236921273656161,283.43691979538
"shared","shared",3,1.935,1.94,0.0284909230985391,283.43691979538
"shared","shared",3,1.94,1.945,-0.0018561293549666,283.43691979538
"shared","shared",3,1.945,1.95,0.0238017612840857,283.43691979538
"shared","shared",3,1.95,1.955,0.0189300823139058,283.43691979538
"shared","shared",3,1.955,1.96,0.0117902995720609,283.43691979538
"shared","shared",3,1.96,1.965,0.00182666638803575,283.43691979538
"shared","shared",3,1.965,1.97,0.0135466059624885,283.43691979538
"shared","shared",3,1.97,1.975,0.0098724578765621,283.43691979538
"shared","shared",3,1.975,1.98,0.00232583145195164,283.43691979538
"shared","shared",3,1.98,1.985,-0.00423951102346876,283.43691979538
"shared","shared",3,1.985,1.99,-0.000190584062363275,283.43691979538
"shared","shared",3,1.99,1.995,0.0133179961690446,283.43691979538
"shared","shared",3,1.995,2,0.0104812146724163,283.43691979538
