"scenario","n","metric","mean","median","q10","q90","scaled_median"
"balanced",100,"EI1",0.294553626380058,0.25553826631428,0.138042505152598,0.488558895557139,2.5553826631428
"balanced",100,"EI2",0.239348580181437,0.214535822903359,0.11556958953419,0.399847821195834,2.14535822903359
"balanced",100,"EI3",0.189986061273099,0.172360882841291,0.098154987243638,0.300457236006498,1.72360882841291
"balanced",100,"ES",0.155361573412764,0.144602860708848,0.0709917545208445,0.253837903222508,1.44602860708848
"balanced",100,"Ea",0.077255543856985,0.0693021144384543,0.0280161283680565,0.1375371684139,0.693021144384543
"balanced",100,"EetaS1",0.0973682397140452,0.0841376836512913,0.0293334505484808,0.185684525778084,0.841376836512913
"balanced",100,"EetaS2",0.103245859682387,0.0885019939809821,0.0386834579767118,0.1888338419522,0.885019939809821
"balanced",100,"EmuS1",0.0931126316241636,0.0807371388028257,0.0287573130314889,0.176982698886062,0.807371388028257
"balanced",100,"EmuS2",0.0574955135924413,0.0514162797982707,0.030018793623857,0.0920430640171802,0.514162797982707
"balanced",100,"Etau",0.0844647970867816,0.0710748746174405,0.0127886328572762,0.175773127285616,0.710748746174405
"balanced",250,"EI1",0.181399744717464,0.163875402605856,0.0894661902003125,0.308288379430287,2.59109762355799
"balanced",250,"EI2",0.154610172432294,0.136020268726499,0.0771907365382278,0.251018339499323,2.15066928561953
"balanced",250,"EI3",0.116381925514785,0.105246817136495,0.0581552440197414,0.18737149793461,1.66409829317282
"balanced",250,"ES",0.0917720615775498,0.0829004421798203,0.0420489846462911,0.153694963393478,1.31077108161663
"balanced",250,"Ea",0.0506005127736425,0.0450868034073706,0.0184392773366279,0.091929181099565,0.712884955917659
"balanced",250,"EetaS1",0.0597612535273179,0.0486988904533373,0.0195369423928096,0.115152561232965,0.769997066777879
"balanced",250,"EetaS2",0.0631711769357794,0.0527155011528698,0.024790388449033,0.116048992220018,0.833505258201503
"balanced",250,"EmuS1",0.0572209154038747,0.0467206631647802,0.0190928513451989,0.109546652339756,0.738718546971181
"balanced",250,"EmuS2",0.0351225611459418,0.031486483952004,0.0189352766198394,0.0560814949209865,0.497845023993362
"balanced",250,"Etau",0.0489845393678533,0.0394712450867808,0.00897977757416184,0.10334977853884,0.624095182784788
"balanced",500,"EI1",0.130633530163598,0.117107674521269,0.0621294430447009,0.220145585146563,2.61860720916479
"balanced",500,"EI2",0.109424995570871,0.0959920384490048,0.051151985647973,0.183554083148082,2.14644723270748
"balanced",500,"EI3",0.0836766215700854,0.074653398534758,0.0437158635515186,0.13297464142799,1.66930073875102
"balanced",500,"ES",0.0685363721995876,0.0635880091538672,0.0333193425494989,0.109221725624773,1.42187111021926
"balanced",500,"Ea",0.0349791473675727,0.0322905387200355,0.0129076101524728,0.0628979322679925,0.722038396080884
"balanced",500,"EetaS1",0.043526782816091,0.0359385713435446,0.012413867025679,0.0892918552166727,0.803610885383916
"balanced",500,"EetaS2",0.0462386624754777,0.0380190194395391,0.0170886161745233,0.0895280676055575,0.850131119046954
"balanced",500,"EmuS1",0.0416112148053768,0.0341285633622089,0.012095599025999,0.0845031449287956,0.763137876523078
"balanced",500,"EmuS2",0.0256523881511613,0.0224983101940564,0.014005865603453,0.0423111095983809,0.503077509727866
"balanced",500,"Etau",0.0374592864587033,0.0317773551920598,0.00672963894632346,0.0786115299685363,0.710563263546015
"balanced",1000,"EI1",0.0893965894227227,0.0786652956299368,0.0421625571698722,0.147805252453046,2.4876150700109
"balanced",1000,"EI2",0.075030605278188,0.0678305653038114,0.0382882781061312,0.120533756769522,2.14499081336835
"balanced",1000,"EI3",0.0611565163632757,0.0576565702513579,0.0327531013137231,0.094917383294914,1.82326084067798
"balanced",1000,"ES",0.0460352461957259,0.0427342969065549,0.0214046880431697,0.0782840510275965,1.35137712430601
"balanced",1000,"Ea",0.0238148466215421,0.0224948726139909,0.00849571630648085,0.0407134858539849,0.711350331355569
"balanced",1000,"EetaS1",0.0284928241028546,0.0244800975710543,0.00849854352526313,0.0549328266082212,0.774128656676873
"balanced",1000,"EetaS2",0.030484688713202,0.0258682365447792,0.0113993968251017,0.0552870600988434,0.818025465335064
"balanced",1000,"EmuS1",0.0272601095252671,0.0232216166178433,0.00833574623727669,0.0523991272717631,0.734331994636006
"balanced",1000,"EmuS2",0.0172957661172339,0.0158744511615123,0.00941577840466905,0.0268535791017254,0.501994222754844
"balanced",1000,"Etau",0.0253098115085209,0.0208216002339344,0.00343997157555346,0.0541157380195176,0.658436812687274
"strong",100,"EI1",0.309325498078758,0.283240797366662,0.156173954457532,0.498519088943229,2.83240797366662
"strong",100,"EI2",0.269672893107666,0.250157606846342,0.143977544423413,0.428518793787379,2.50157606846342
"strong",100,"EI3",0.216615203841376,0.200694523378779,0.118840558161067,0.329190058590602,2.00694523378779
"strong",100,"ES",0.109518526185375,0.0994016713458412,0.047878336739256,0.178778730468404,0.994016713458412
"strong",100,"Ea",0.0428897190492097,0.0395277322972144,0.0155125846401135,0.0744459037256187,0.395277322972144
"strong",100,"EetaS1",0.0851348583376475,0.073062416567173,0.0209411905582477,0.173734944902972,0.730624165671729
"strong",100,"EetaS2",0.088296440442316,0.0762199737198984,0.0285719587292234,0.176303829387633,0.762199737198984
"strong",100,"EmuS1",0.0812258313101852,0.069455797288977,0.0204667645591196,0.164826135092824,0.69455797288977
"strong",100,"EmuS2",0.0449222657669023,0.0385183440145554,0.0215862175783544,0.0790270719971889,0.385183440145554
"strong",100,"Etau",0.0506875319986132,0.0449494398569749,0.00836448630643594,0.101172733534878,0.449494398569749
"strong",250,"EI1",0.206650915000583,0.186165979505251,0.111278844242215,0.326968175613292,2.9435425903641
"strong",250,"EI2",0.177074683946979,0.162115371495816,0.090017705821573,0.289476957484235,2.56326908825558
"strong",250,"EI3",0.141853966694278,0.131450161007077,0.0743860174108465,0.217367124736375,2.07840953789108
"strong",250,"ES",0.0669808098106296,0.0630832165877352,0.0272914761115778,0.111386958780677,0.997433232734792
"strong",250,"Ea",0.0268547495606676,0.0252419581069343,0.00970687934952661,0.0464240383840288,0.399110401102323
"strong",250,"EetaS1",0.0515042866077043,0.0425353432383427,0.0136496333902259,0.104885520770005,0.672542828451027
"strong",250,"EetaS2",0.0532225686141395,0.0440654647938131,0.0161959552677023,0.105110040304179,0.696736174512057
"strong",250,"EmuS1",0.0492188188629658,0.0406585042747105,0.0130512821205553,0.101256416604478,0.642867398818888
"strong",250,"EmuS2",0.0269569773404664,0.0226448621958687,0.0128563142042103,0.0468994499497441,0.358046709197935
"strong",250,"Etau",0.0306950511135148,0.026254061342233,0.00519901664591191,0.0650957376710485,0.415113158356168
"strong",500,"EI1",0.140400402581064,0.131217564668474,0.0756056513929287,0.217016699260588,2.93411394440682
"strong",500,"EI2",0.119264981753856,0.111587113122517,0.0642186524407538,0.182366203533717,2.49516370354907
"strong",500,"EI3",0.0971202590009242,0.0908660957728938,0.0544180910072573,0.149713222945046,2.03182766998197
"strong",500,"ES",0.0475603586765242,0.0450140131534247,0.0207185769345884,0.078384533258172,1.00654393351127
"strong",500,"Ea",0.0181317839061136,0.016700931331472,0.00722286193886228,0.0308675869669897,0.373444177447275
"strong",500,"EetaS1",0.0372074499927263,0.0321606193528429,0.0083803726527097,0.0765077480886594,0.719133310714521
"strong",500,"EetaS2",0.038572734679403,0.0330286740315845,0.0114664150710497,0.0769953850394048,0.738543603413049
"strong",500,"EmuS1",0.035583477677461,0.0306613757897673,0.00822435290826044,0.0731608880623124,0.685609205495859
"strong",500,"EmuS2",0.0194503224809627,0.0167908524746465,0.00896215575367516,0.0334433932197669,0.375454875334802
"strong",500,"Etau",0.0214994878220606,0.0194742991269179,0.00350001220117336,0.0423010452555564,0.435458566619533
"strong",1000,"EI1",0.101424840031104,0.094984506144665,0.0553596203523509,0.157589021042703,3.003673818434
"strong",1000,"EI2",0.0857895954236871,0.0805705882410231,0.0450092399121065,0.133877983151406,2.54786571261212
"strong",1000,"EI3",0.0692665967959793,0.0631973631788905,0.0369361408032774,0.108494363455913,1.99847609762153
"strong",1000,"ES",0.0340812626516446,0.0313401297878294,0.0152598138568275,0.0551407090125228,0.991061922948304
"strong",1000,"Ea",0.0129057674975043,0.0120703172407288,0.00476160579447602,0.022452121241161,0.381696945615018
"strong",1000,"EetaS1",0.027186263109571,0.0233902159405373,0.00577006106369669,0.0538440442207681,0.739663573352754
"strong",1000,"EetaS2",0.0282337606221776,0.0239199754771517,0.00831749323955265,0.0538939663599258,0.756416040831722
"strong",1000,"EmuS1",0.0259659770446356,0.022422674795816,0.0055838864933424,0.0512367982916152,0.709067235880296
"strong",1000,"EmuS2",0.0144831300029124,0.0124783369486882,0.00682253903426683,0.0249889033113422,0.394599661688903
"strong",1000,"Etau",0.0147874529120421,0.0123267560464284,0.00235628132373059,0.0306791421272791,0.389806252679661
"weak",100,"EI1",0.309844878667149,0.236087752074145,0.122388192841896,0.598729719706696,2.36087752074145
"weak",100,"EI2",0.250746893325863,0.203143261265809,0.100987121544295,0.456607569297301,2.03143261265809
"weak",100,"EI3",0.182325761495818,0.163313374517416,0.0891298787678239,0.30432197475731,1.63313374517416
"weak",100,"ES",0.430611995035993,0.274301918306453,0.141468892857834,0.641262654068531,2.74301918306453
"weak",100,"Ea",0.232027469847624,0.190394049080977,0.0766892080627606,0.443194699030189,1.90394049080977
"weak",100,"EetaS1",0.151492014678797,0.119367439593671,0.0514293368837284,0.283814475935442,1.19367439593671
"weak",100,"EetaS2",0.168726751774101,0.137765694237353,0.0737018039843721,0.297561428896757,1.37765694237353
"weak",100,"EmuS1",0.144238274342818,0.115134321451822,0.0489330730878386,0.275906177670112,1.15134321451822
"weak",100,"EmuS2",0.108269840565408,0.0935662813726746,0.0602213383114286,0.166327144910794,0.935662813726746
"weak",100,"Etau",0.323174279769043,0.176974441248333,0.0376247845067596,0.505660397258829,1.76974441248333
"weak",250,"EI1",0.184447705579379,0.1512727735279,0.0755933804017736,0.330597995520353,2.39183256159494
"weak",250,"EI2",0.145077127799955,0.117275148695287,0.0581168059647768,0.268721658580101,1.85428291406015
"weak",250,"EI3",0.106890328857181,0.0973486131230271,0.0494011809599812,0.179243411531785,1.53921672263662
"weak",250,"ES",0.184137158574219,0.164540700656469,0.0812672809716319,0.301257464548719,2.60161690937202
"weak",250,"Ea",0.136271216373399,0.119322239347072,0.0449962961703,0.247554783676127,1.88665025924255
"weak",250,"EetaS1",0.0947092647316379,0.0770011852987951,0.0359458557174641,0.180256281404583,1.21749564038433
"weak",250,"EetaS2",0.104380246104123,0.0867765317341455,0.0478038660873502,0.18217877469164,1.3720574386489
"weak",250,"EmuS1",0.0904212650181342,0.0744972431324528,0.0355015148916955,0.170204650925709,1.17790483850944
"weak",250,"EmuS2",0.065990698620567,0.0600071890241104,0.0392245610777857,0.0946170293750063,0.948796966502227
"weak",250,"Etau",0.114704773922202,0.0918513334648429,0.0159896062220563,0.233652698097718,1.45229709936274
"weak",500,"EI1",0.123994678671847,0.10475327159535,0.0508773226041857,0.214031588818262,2.342354361527
"weak",500,"EI2",0.10338518416005,0.090549797917921,0.0481993741365121,0.177147575027928,2.0247550349334
"weak",500,"EI3",0.0804464043344049,0.0707543997365125,0.0377459117000952,0.137598853985808,1.58211647518035
"weak",500,"ES",0.130796742942177,0.115975783461077,0.0635706686291328,0.223158792098384,2.59329735562764
"weak",500,"Ea",0.0933074818507178,0.0829833179342418,0.0315147764948955,0.16413426683292,1.85556339899442
"weak",500,"EetaS1",0.0674391029187833,0.0556904098240813,0.0252811562316924,0.12502659342967,1.24527542061468
"weak",500,"EetaS2",0.0731796782410536,0.061738373001836,0.0329883716311803,0.128023595903273,1.38051198852343
"weak",500,"EmuS1",0.0645214305934839,0.053538641017548,0.0245561763676005,0.119285493823411,1.19716040738196
"weak",500,"EmuS2",0.0463573082672513,0.0426303375919417,0.0281009203190396,0.0699082894181274,0.953243327593464
"weak",500,"Etau",0.0807747001573991,0.0663651867662634,0.0155675632575142,0.164438608898253,1.48397068948834
"weak",1000,"EI1",0.0897524978650592,0.0764262920232286,0.0392509765828542,0.158262212858201,2.41681155914561
"weak",1000,"EI2",0.0728004990133145,0.0634343353682494,0.0323411720313391,0.128075136503656,2.00596981622644
"weak",1000,"EI3",0.0547727777449414,0.0498631134376175,0.0254344655069614,0.0904126492347191,1.5768100969022
"weak",1000,"ES",0.0941602951025477,0.0819048302473447,0.0453587959313127,0.15657053976799,2.59005814951061
"weak",1000,"Ea",0.066393058825856,0.0601878415608797,0.0223721372053137,0.118589803406975,1.90330666781724
"weak",1000,"EetaS1",0.048522406124929,0.0406426704831283,0.0179551153210394,0.0908024420740131,1.28523408918381
"weak",1000,"EetaS2",0.0526075195007869,0.045915448587323,0.0230294268952303,0.0938377899004002,1.45197397324301
"weak",1000,"EmuS1",0.0465202676323917,0.0394436583509124,0.0175760510436819,0.0877224288983384,1.24731799638404
"weak",1000,"EmuS2",0.0323958802896083,0.0300839751773879,0.0191067248913291,0.047187141400636,0.951338826325138
"weak",1000,"Etau",0.0582501474693411,0.0488055447232487,0.0100348562323133,0.11573137090042,1.54336683770678
